순위,브랜드,제품명,카테고리,평점,리뷰수,가격(円),발매일,url,업로드일,상품ID
1,クレ・ド・ポー ボーテ,ヴォワールコレクチュールｎ,化粧下地,5.7,14343,7700,2020/3/21,https://www.cosme.net/products/10188648/,2025-02-20 23:26:48,10188648
2,コスメデコルテ,ルージュデコルテ　クリームグロウ,口紅,5.2,914,5500,2025/1/16,https://www.cosme.net/products/10265098/,2025-02-20 23:26:48,10265098
3,ロージーローザ,マルチファンデパフ ２Ｐ,パフ・スポンジ,5.5,4647,638,2023/11/1,https://www.cosme.net/products/10243404/,2025-02-20 23:26:48,10243404
4,ロージーローザ,リアルックミラー,その他メイクグッズ,5.1,3449,495,2015/10/27,https://www.cosme.net/products/10101720/,2025-02-20 23:26:48,10101720
5,キャンメイク,クリーミータッチライナー,ジェルアイライナー,5.4,19806,715,2018/3/1,https://www.cosme.net/products/10147158/,2025-02-20 23:26:48,10147158
6,アテニア,スキンクリア クレンズ オイル アロマタイプ,オイルクレンジング,5.6,9450,1980,2023/11/15,https://www.cosme.net/products/10243030/,2025-02-20 23:26:48,10243030
7,ランコム,ジェニフィック アルティメ セラム,ブースター・導入液,5.8,5094,11990,2024/9/6,https://www.cosme.net/products/10259468/,2025-02-20 23:26:48,10259468
8,ナンバーズイン(numbuzin),5番 白玉グルタチオンCふりかけマスク,シートマスク・パック,5.2,6482,290,2024/1/15,https://www.cosme.net/products/10245780/,2025-02-20 23:26:48,10245780
9,d プログラム,モイストケア ローション MB,化粧水,5.4,5999,3025,2020/8/21,https://www.cosme.net/products/10194929/,2025-02-20 23:26:48,10194929
10,SK-II,スキンパワーアドバンスト クリーム,フェイスクリーム,5.9,4547,17600,2023/8/20,https://www.cosme.net/products/10240630/,2025-02-20 23:26:48,10240630
11,ケイト,リップモンスター,口紅,5.4,24515,1540,2021/5/1,https://www.cosme.net/products/10206485/,2025-02-20 23:26:48,10206485
12,セザンヌ,超細芯アイブロウ,アイブロウペンシル,5.5,15981,550,2018/3/26,https://www.cosme.net/products/10146071/,2025-02-20 23:26:48,10146071
13,コスメデコルテ,ルース パウダー,ルースパウダー,5.7,6446,6050,2024/1/16,https://www.cosme.net/products/10248076/,2025-02-20 23:26:48,10248076
14,KANEBO,カネボウ シャドウオンフェース,ジェル・クリームチーク,5.2,2290,3300,2023/8/4,https://www.cosme.net/products/10240190/,2025-02-20 23:26:48,10240190
15,rom&nd,ハンオールブロウカラ,眉マスカラ,5.4,5885,1210,2023/7/27,https://www.cosme.net/products/10235626/,2025-02-20 23:26:48,10235626
16,ヒロインメイク,スピーディーマスカラリムーバー,ポイントメイクリムーバー,6.0,12435,924,2017/2/8,https://www.cosme.net/products/10124096/,2025-02-20 23:26:48,10124096
17,オルビス,エッセンスインヘアミルク,アウトバストリートメント,5.1,15570,1100,2011/10/1,https://www.cosme.net/products/10029390/,2025-02-20 23:26:48,10029390
18,ルルルン,ルルルン ハイドラ EX マスク,シートマスク・パック,5.4,4688,880,2023/11/1,https://www.cosme.net/products/10245884/,2025-02-20 23:26:48,10245884
19,NARS,ライトリフレクティングセッティングパウダー プレスト N,プレストパウダー,5.5,15222,3190,2013/2/15,https://www.cosme.net/products/10054624/,2025-02-20 23:26:48,10054624
20,d プログラム,エッセンスイン クレンジングフォーム,洗顔フォーム,5.3,8404,550,2020/1/21,https://www.cosme.net/products/10181425/,2025-02-20 23:26:48,10181425
21,ジバンシイ,プリズム･リーブル･グロウ･セラム･ファンデーション,リキッドファンデーション,5.6,633,8030,2025/2/1,https://www.cosme.net/products/10265327/,2025-02-20 23:26:48,10265327
22,SUQQU(スック),シグニチャー カラー アイズ,パウダーアイシャドウ,5.8,3188,7700,2021/1/8,https://www.cosme.net/products/10201834/,2025-02-20 23:26:48,10201834
23,KANEBO,カネボウ スクラビング マッド ウォッシュ,洗顔フォーム,5.4,13355,2750,2021/3/5,https://www.cosme.net/products/10203762/,2025-02-20 23:26:48,10203762
24,SK-II,ジェノプティクス インフィニットオーラ エッセンス,美容液,5.9,865,22000,2025/2/20,https://www.cosme.net/products/10264676/,2025-02-20 23:26:48,10264676
25,Torriden (トリデン),ダイブイン マスク,シートマスク・パック,5.4,4720,275,-,https://www.cosme.net/products/10210539/,2025-02-20 23:26:48,10210539
26,ドクターケイ,ABC-Gピールウォッシュ,洗顔フォーム,5.3,1946,4400,2024/7/30,https://www.cosme.net/products/10257456/,2025-02-20 23:26:48,10257456
27,SK-II,フェイシャル トリートメント エッセンス,化粧水,5.6,33193,12650,2015/7/21,https://www.cosme.net/products/2893546/,2025-02-20 23:26:48,2893546
28,KANEBO,ルージュスターヴァイブラント,口紅,5.7,3956,4620,2024/1/19,https://www.cosme.net/products/10247900/,2025-02-20 23:26:48,10247900
29,KANEBO,カネボウ　クリスタライズドフィックスパウダー,プレストパウダー,5.5,162,7150,2025/2/7,https://www.cosme.net/products/10264646/,2025-02-20 23:26:48,10264646
30,コスメデコルテ,リポソーム アドバンスト リペアセラム,ブースター・導入液,5.8,13975,8250,2021/9/16,https://www.cosme.net/products/10209809/,2025-02-20 23:26:48,10209809
31,ケイト,メロウブラウンアイズ,パウダーアイシャドウ,5.2,175,1320,2025/1/25,https://www.cosme.net/products/10264792/,2025-02-20 23:26:48,10264792
32,ロージーローザ,パウダーファンブラシ,メイクブラシ,5.3,318,1210,2024/12/13,https://www.cosme.net/products/10262379/,2025-02-20 23:26:48,10262379
33,＆be(アンドビー),ブラックスポンジ,パフ・スポンジ,5.9,525,770,2024/11/14,https://www.cosme.net/products/10265605/,2025-02-20 23:26:48,10265605
34,@cosme STORE,@cosme STOREが作ったミカエルのよくばりコットン,コットン,5.3,8505,313,2011/12/23,https://www.cosme.net/products/10034083/,2025-02-20 23:26:48,10034083
35,ジバンシイ,プリズム・リーブル・スキンケアリング・コレクター,化粧下地,5.3,2365,5060,2023/2/3,https://www.cosme.net/products/10232043/,2025-02-20 23:26:48,10232043
36,乾燥さん,保湿力スキンケア下地,オールインワン化粧品,5.3,1313,1430,2021/11/15,https://www.cosme.net/products/10215918/,2025-02-20 23:26:48,10215918
37,SOFINA iP,角層トリートメント 基礎化粧液,化粧水,5.2,1736,1980,2023/11/4,https://www.cosme.net/products/10243898/,2025-02-20 23:26:48,10243898
38,d プログラム,アレルバリア ミスト Ｎ,ミスト状化粧水,5.2,2895,1650,2021/1/21,https://www.cosme.net/products/10201778/,2025-02-20 23:26:48,10201778
39,クレ・ド・ポー ボーテ,プードルコンパクトエサンシエルｎ,プレストパウダー,5.7,1925,880,2024/3/21,https://www.cosme.net/products/10251401/,2025-02-20 23:26:48,10251401
40,SHISEIDO,エッセンス スキングロウ ファンデーション,リキッドファンデーション,5.4,4961,7040,2023/9/1,https://www.cosme.net/products/10240900/,2025-02-20 23:26:48,10240900
41,ONE BY KOSE,セラム シールド,フェイスオイル・バーム,5.2,4092,880,2023/8/21,https://www.cosme.net/products/10240557/,2025-02-20 23:26:48,10240557
42,KANEBO,カネボウ クリーム イン デイ,フェイスクリーム,5.6,8115,4620,2020/10/9,https://www.cosme.net/products/10197314/,2025-02-20 23:26:48,10197314
43,THE ANSWER,スーパーラメラシャンプー&EXモイストトリートメント ＦＯＲ ＤＡＩＬＹ ＤＡＭＡＧＥ,シャンプー・コンディショナー,5.2,1366,8,2024/11/2,https://www.cosme.net/products/10263025/,2025-02-20 23:26:48,10263025
44,コスメデコルテ,薬用 マイクロバーム ローション,化粧水,5.3,1154,3850,2024/9/16,https://www.cosme.net/products/10259227/,2025-02-20 23:26:48,10259227
45,fwee(フィー),フィー 3Dボリューミンググロス,リップグロス,5.4,1579,1760,2024/7/1,https://www.cosme.net/products/10254107/,2025-02-20 23:26:48,10254107
46,ディオール,ディオールスキン フォーエヴァー スキン コレクト コンシーラー,コンシーラー,5.6,6239,5720,2023/3/17,https://www.cosme.net/products/10233450/,2025-02-20 23:26:48,10233450
47,msh(エム・エス・エイチ),ラブ・ライナー リキッドアイライナーR4,リキッドアイライナー,5.5,6576,1540,2022/3/1,https://www.cosme.net/products/10220249/,2025-02-20 23:26:48,10220249
48,ケイト,3DアイブロウカラーZ,眉マスカラ,5.2,538,935,2024/7/20,https://www.cosme.net/products/10256417/,2025-02-20 23:26:48,10256417
49,シュウ ウエムラ,アルティム8∞ スブリム ビューティ クレンジング オイルn,オイルクレンジング,6.0,4483,5720,2023/9/1,https://www.cosme.net/products/10242325/,2025-02-20 23:26:48,10242325
50,エリクシール,エリクシール ザ セラム aa,美容液,5.4,1715,8360,2024/9/21,https://www.cosme.net/products/10259390/,2025-02-20 23:26:48,10259390
51,Anua,PDRN ヒアルロン酸100 セラム,ブースター・導入液,5.4,744,1,2024/12/16,https://www.cosme.net/products/10263023/,2025-02-20 23:26:48,10263023
52,LAGOM(ラゴム),ジェルトゥウォーター クレンザー,その他洗顔料,5.1,1963,2750,2019/5/28,https://www.cosme.net/products/10171625/,2025-02-20 23:26:48,10171625
53,ディオール,ディオール アディクト リップ マキシマイザー,リップケア・リップクリーム,5.7,5445,4730,2023/1/20,https://www.cosme.net/products/10233483/,2025-02-20 23:26:48,10233483
54,セザンヌ,影色リップメイカー,リップライナー,5.2,576,660,2024/8/26,https://www.cosme.net/products/10258896/,2025-02-20 23:26:48,10258896
55,RMK,RMK デューイーメルト リップカラー,口紅,5.5,1380,3080,2024/4/5,https://www.cosme.net/products/10251821/,2025-02-20 23:26:48,10251821
56,コスメデコルテ,サンシェルター マルチ プロテクション トーンアップCC,日焼け止め・UVケア(顔用),5.3,7701,3300,2023/2/16,https://www.cosme.net/products/10234175/,2025-02-20 23:26:48,10234175
57,SHISEIDO,ＴＳＵＴＳＵ ＦＵＤＥ コンシーラーブラシ,メイクブラシ,5.5,2162,3080,2019/9/1,https://www.cosme.net/products/10171846/,2025-02-20 23:26:48,10171846
58,コスメデコルテ,アイグロウジェム スキンシャドウ,ジェル・クリームアイシャドウ,5.6,4504,2970,2023/7/16,https://www.cosme.net/products/10240366/,2025-02-20 23:26:48,10240366
59,トム フォード ビューティ,アイ カラー クォード,パウダーアイシャドウ,5.9,6010,12980,2016/3/25,https://www.cosme.net/products/10057094/,2025-02-20 23:26:48,10057094
60,エクセル,スキニーリッチシャドウ,パウダーアイシャドウ,5.3,12753,1650,2016/8/30,https://www.cosme.net/products/10098628/,2025-02-20 23:26:48,10098628
61,エスティ ローダー,アクア チャージ 薬用 トリートメント ローション,化粧水,5.1,855,7590,2024/9/13,https://www.cosme.net/products/10258143/,2025-02-20 23:26:48,10258143
62,ファンケル,やわ肌 ミルク洗顔,その他洗顔料,5.3,624,1650,2024/10/16,https://www.cosme.net/products/10262178/,2025-02-20 23:26:48,10262178
63,クレ・ド・ポー ボーテ,ヴォワールルミヌ,化粧下地,5.6,2528,7700,2022/3/21,https://www.cosme.net/products/10219689/,2025-02-20 23:26:48,10219689
64,セザンヌ,描くふたえアイライナー,その他アイブロウ,5.2,5437,660,2018/7/10,https://www.cosme.net/products/10155153/,2025-02-20 23:26:48,10155153
65,デジャヴュ,塗るつけまつげ ラッシュアップ,マスカラ,5.2,14863,1320,2019/2/1,https://www.cosme.net/products/10151191/,2025-02-20 23:26:48,10151191
66,ケアセラ,ケアセラ AP高保湿先行バリア乳液,乳液,5.4,489,130,2024/9/14,https://www.cosme.net/products/10260029/,2025-02-20 23:26:48,10260029
67,キュレル,ディープモイスチャースプレー,ミスト状化粧水,5.6,6594,990,2020/4/11,https://www.cosme.net/products/10189923/,2025-02-20 23:26:48,10189923
68,ヘビーローテーション,カラーリングアイブロウEX,眉マスカラ,5.3,1293,924,2024/8/8,https://www.cosme.net/products/10259166/,2025-02-20 23:26:48,10259166
69,ルルルン,ルルルン ハイドラ AZ マスク,シートマスク・パック,5.1,1037,770,2024/11/1,https://www.cosme.net/products/10262248/,2025-02-20 23:26:48,10262248
70,SUQQU(スック),ベルベット フィット リップスティック,口紅,5.2,129,4840,2025/1/24,https://www.cosme.net/products/10265766/,2025-02-20 23:26:48,10265766
71,キュレル,潤浸保湿フェイスクリーム,フェイスクリーム,5.4,10278,2970,2008/10/11,https://www.cosme.net/products/293354/,2025-02-20 23:26:48,293354
72,セザンヌ,チークブラッシュ,パウダーチーク,5.1,3647,550,2023/7/14,https://www.cosme.net/products/10239434/,2025-02-20 23:26:48,10239434
73,KANEBO,スキン　ハーモナイザー,化粧水,5.1,2809,5500,2024/3/8,https://www.cosme.net/products/10249729/,2025-02-20 23:26:48,10249729
74,Torriden (トリデン),ソリッドイン セラミド リップエッセンス,リップケア・リップクリーム,4.9,739,880,-,https://www.cosme.net/products/10218299/,2025-02-20 23:26:48,10218299
75,D-UP(ディーアップ),シルキーリキッドアイライナーWP,リキッドアイライナー,5.3,6024,1430,2020/9/12,https://www.cosme.net/products/10198546/,2025-02-20 23:26:48,10198546
76,コスメデコルテ,リポソーム アドバンスト リペアクリーム,フェイスクリーム,5.8,7838,11000,2022/9/16,https://www.cosme.net/products/10225645/,2025-02-20 23:26:48,10225645
77,コーセーコスメニエンス,メイク キープ ミスト EX ＋,ミスト状化粧水,5.2,2265,880,2024/2/16,https://www.cosme.net/products/10251452/,2025-02-20 23:26:48,10251452
78,イプサ,ザ・タイムR アクア,化粧水,5.3,19977,2970,2016/5/13,https://www.cosme.net/products/10079040/,2025-02-20 23:26:48,10079040
79,KANEBO,カネボウ デザイニングカラーリクイド,コンシーラー,5.0,2285,3300,2023/2/10,https://www.cosme.net/products/10233381/,2025-02-20 23:26:48,10233381
80,エリクシール,エリクシール シュペリエル レチノパワー リンクルクリーム,フェイスクリーム,5.3,4052,6490,2023/9/21,https://www.cosme.net/products/10242515/,2025-02-20 23:26:48,10242515
81,ディオール,ディオール アディクト リップ グロウ,リップケア・リップクリーム,5.4,165,4950,2025/1/1,https://www.cosme.net/products/10265759/,2025-02-20 23:26:48,10265759
82,ジバンシイ,プリズム・リーブル,ルースパウダー,5.4,3017,8250,2024/9/6,https://www.cosme.net/products/10258100/,2025-02-20 23:26:48,10258100
83,Torriden (トリデン),セルメイジング ビタC ブライトニング マスク,シートマスク・パック,5.2,918,275,2024/9/2,https://www.cosme.net/products/10256630/,2025-02-20 23:26:48,10256630
84,SHISEIDO,ＫＡＴＡＮＡ ＦＵＤＥ アイ ライニング ブラシ,メイクブラシ,5.5,1472,2640,2021/6/1,https://www.cosme.net/products/10206896/,2025-02-20 23:26:48,10206896
85,Jo Malone London(ジョー マローン ロンドン),イングリッシュ ペアー ＆ フリージア コロン,香水・フレグランス(レディース・ウィメンズ),5.6,3724,11880,2010/9/3,https://www.cosme.net/products/10010221/,2025-02-20 23:26:48,10010221
86,SABON(サボン),ヘッドスクラブ リフレッシング,頭皮ケア,5.6,1695,2420,2023/9/1,https://www.cosme.net/products/10242473/,2025-02-20 23:26:48,10242473
87,エテュセ,アイエディション(マスカラベース),マスカラ下地・トップコート,5.4,6481,1320,2015/7/16,https://www.cosme.net/products/10045382/,2025-02-20 23:26:48,10045382
88,SHISEIDO,HASU FUDE ファンデーション ブラシ,メイクブラシ,5.3,797,2420,2018/9/1,https://www.cosme.net/products/10157309/,2025-02-20 23:26:48,10157309
89,KANEBO,カネボウ ルージュスターブリーズ,口紅,5.0,444,4620,2025/1/17,https://www.cosme.net/products/10264644/,2025-02-20 23:26:48,10264644
90,ケイト,デザイニングアイブロウ3D,パウダーアイブロウ,5.4,12055,880,2017/5/1,https://www.cosme.net/products/10128635/,2025-02-20 23:26:48,10128635
91,アユーラ,メディテーションバスt,入浴剤,5.6,4560,2200,2020/10/1,https://www.cosme.net/products/10195129/,2025-02-20 23:26:48,10195129
92,エリクシール,エリクシール デーケアレボリューション トーンアップ SP＋ aa,乳液,5.2,3176,3410,2024/2/21,https://www.cosme.net/products/10250406/,2025-02-20 23:26:48,10250406
93,ボビイ ブラウン,インテンシブ セラム ラディアンス プライマー SPF 25  (PA++),化粧下地,5.3,766,3410,2021/9/3,https://www.cosme.net/products/10211607/,2025-02-20 23:26:48,10211607
94,クリニーク,チーク ポップ,パウダーチーク,5.5,4411,4180,2015/4/24,https://www.cosme.net/products/10073124/,2025-02-20 23:26:48,10073124
95,クレ・ド・ポー ボーテ,ル・レオスールデクラ,プレストパウダー,5.9,3092,6050,2022/7/21,https://www.cosme.net/products/10224590/,2025-02-20 23:26:48,10224590
96,SUQQU(スック),ブラーリング カラー ブラッシュ,パウダーチーク,5.9,979,6600,2024/7/19,https://www.cosme.net/products/10256676/,2025-02-20 23:26:48,10256676
97,SHISEIDO,アルティミューン パワライジング コンセントレート IIIn,美容液,5.6,4536,8800,2023/10/1,https://www.cosme.net/products/10243552/,2025-02-20 23:26:48,10243552
98,ルナソル,アイカラーレーションN,パウダーアイシャドウ,5.5,395,7700,2024/8/9,https://www.cosme.net/products/10256092/,2025-02-20 23:26:48,10256092
99,NARS,ライトリフレクティング　トーンアップヴェール,化粧下地,5.5,1289,6380,2024/7/12,https://www.cosme.net/products/10257534/,2025-02-20 23:26:48,10257534
100,ルナソル,モノアイカラーレーション,パウダーアイシャドウ,5.5,605,3520,2024/8/9,https://www.cosme.net/products/10256922/,2025-02-20 23:26:48,10256922
