브랜드명(일본),브랜드페이지
AHRES(アーレス),https://www.cosme.net/brand/brand_id/127466/top/nt
アイプチ,https://www.cosme.net/brand/brand_id/109101/top/nt
i’m meme(アイムミミ),https://www.cosme.net/brand/brand_id/124093/top/nt
AVEDA(アヴェダ),https://www.cosme.net/brand/brand_id/590/top/nt
アクセーヌ,https://www.cosme.net/brand/brand_id/216/top/nt
アスタリフト,https://www.cosme.net/brand/brand_id/18316/top/nt
＠ｃｏｓｍｅ,https://www.cosme.net/brand/brand_id/2892/top/nt
＠cosme nippon,https://www.cosme.net/brand/brand_id/114297/top/nt
アテニア,https://www.cosme.net/brand/brand_id/438/top/nt
アナ スイ コスメティックス,https://www.cosme.net/brand/brand_id/52/top/nt
Anua,https://www.cosme.net/brand/brand_id/122666/top/nt
アネッサ,https://www.cosme.net/brand/brand_id/13/top/nt
UNOVE,https://www.cosme.net/brand/brand_id/128012/top/nt
アパガード,https://www.cosme.net/brand/brand_id/4980/top/nt
アピセラピーコスメティクス,https://www.cosme.net/brand/brand_id/11382/top/nt
Abib,https://www.cosme.net/brand/brand_id/120843/top/nt
アリィー(ALLIE),https://www.cosme.net/brand/brand_id/857/top/nt
アルビオン,https://www.cosme.net/brand/brand_id/489/top/nt
ALBLANC(アルブラン),https://www.cosme.net/brand/brand_id/10844/top/nt
&honey（アンドハニー）,https://www.cosme.net/brand/brand_id/116032/top/nt
アンプルール,https://www.cosme.net/brand/brand_id/7752/top/nt
イヴ・サンローラン,https://www.cosme.net/brand/brand_id/99/top/nt
Aesop(イソップ),https://www.cosme.net/brand/brand_id/958/top/nt
イニスフリー,https://www.cosme.net/brand/brand_id/7638/top/nt
イハダ,https://www.cosme.net/brand/brand_id/102405/top/nt
イプサ,https://www.cosme.net/brand/brand_id/66/top/nt
IROIKU,https://www.cosme.net/brand/brand_id/126437/top/nt
インナーシグナル,https://www.cosme.net/brand/brand_id/11451/top/nt
WELLDERMA,https://www.cosme.net/brand/brand_id/104466/top/nt
AGE20'S(エージトウェンティズ),https://www.cosme.net/brand/brand_id/125619/top/nt
エクセル,https://www.cosme.net/brand/brand_id/656/top/nt
SK-II,https://www.cosme.net/brand/brand_id/73/top/nt
エスティ ローダー,https://www.cosme.net/brand/brand_id/104/top/nt
エスト,https://www.cosme.net/brand/brand_id/1724/top/nt
AESTURA,https://www.cosme.net/brand/brand_id/127890/top/nt
エッセンシャル,https://www.cosme.net/brand/brand_id/118450/top/nt
F ORGANICS(エッフェ オーガニック),https://www.cosme.net/brand/brand_id/108388/top/nt
エトヴォス,https://www.cosme.net/brand/brand_id/18524/top/nt
Ｎ organic(エヌオーガニック),https://www.cosme.net/brand/brand_id/114760/top/nt
F.A.G.E.(エファージュ),https://www.cosme.net/brand/brand_id/100407/top/nt
msh(エム・エス・エイチ),https://www.cosme.net/brand/brand_id/20428/top/nt
ARZTIN(エルツティン),https://www.cosme.net/brand/brand_id/111602/top/nt
エレクトロン,https://www.cosme.net/brand/brand_id/114757/top/nt
エンビロン,https://www.cosme.net/brand/brand_id/1680/top/nt
The Ordinary,https://www.cosme.net/brand/brand_id/115556/top/nt
OSAJI(オサジ),https://www.cosme.net/brand/brand_id/114176/top/nt
オバジ,https://www.cosme.net/brand/brand_id/3044/top/nt
オペラ,https://www.cosme.net/brand/brand_id/91/top/nt
オルビス,https://www.cosme.net/brand/brand_id/215/top/nt
ONSEN no MEGUMI,https://www.cosme.net/brand/brand_id/13743/top/nt
かづきれいこ,https://www.cosme.net/brand/brand_id/1236/top/nt
KANEBO,https://www.cosme.net/brand/brand_id/113346/top/nt
Carte(カルテ),https://www.cosme.net/brand/brand_id/123478/top/nt
KIEHL’S SINCE 1851(キールズ),https://www.cosme.net/brand/brand_id/18552/top/nt
菊正宗,https://www.cosme.net/brand/brand_id/22820/top/nt
キャンメイク,https://www.cosme.net/brand/brand_id/68/top/nt
キュレル,https://www.cosme.net/brand/brand_id/264/top/nt
クナイプ,https://www.cosme.net/brand/brand_id/2726/top/nt
KLAVUU(クラビュー),https://www.cosme.net/brand/brand_id/119159/top/nt
クラプロックス,https://www.cosme.net/brand/brand_id/124105/top/nt
クラランス,https://www.cosme.net/brand/brand_id/62/top/nt
CLIO,https://www.cosme.net/brand/brand_id/108195/top/nt
クリニーク,https://www.cosme.net/brand/brand_id/83/top/nt
クレ・ド・ポー ボーテ,https://www.cosme.net/brand/brand_id/112/top/nt
ゲラン,https://www.cosme.net/brand/brand_id/167/top/nt
コープ,https://www.cosme.net/brand/brand_id/1097/top/nt
ココンシュペール,https://www.cosme.net/brand/brand_id/105030/top/nt
COSRX(コスアールエックス),https://www.cosme.net/brand/brand_id/117207/top/nt
コスメデコルテ,https://www.cosme.net/brand/brand_id/79/top/nt
コラリッチ,https://www.cosme.net/brand/brand_id/22919/top/nt
ザ・コラーゲン,https://www.cosme.net/brand/brand_id/21717/top/nt
THE FACE SHOP,https://www.cosme.net/brand/brand_id/111905/top/nt
SABON(サボン),https://www.cosme.net/brand/brand_id/20785/top/nt
SAM'U,https://www.cosme.net/brand/brand_id/119453/top/nt
CNP Laboratory(シーエヌピーラボラトリー),https://www.cosme.net/brand/brand_id/119199/top/nt
JINO(ジーノ),https://www.cosme.net/brand/brand_id/761/top/nt
シーボン,https://www.cosme.net/brand/brand_id/5198/top/nt
シェルクルール,https://www.cosme.net/brand/brand_id/1137/top/nt
SHISEIDO,https://www.cosme.net/brand/brand_id/21256/top/nt
ジバンシイ,https://www.cosme.net/brand/brand_id/282/top/nt
シャネル,https://www.cosme.net/brand/brand_id/93/top/nt
シュウ ウエムラ,https://www.cosme.net/brand/brand_id/788/top/nt
SHIRORU,https://www.cosme.net/brand/brand_id/123563/top/nt
SKIN＆LAB(スキンアンドラブ),https://www.cosme.net/brand/brand_id/104412/top/nt
ステラシード,https://www.cosme.net/brand/brand_id/109980/top/nt
THREE,https://www.cosme.net/brand/brand_id/22633/top/nt
セザンヌ,https://www.cosme.net/brand/brand_id/89/top/nt
セタフィル,https://www.cosme.net/brand/brand_id/828/top/nt
タカミ,https://www.cosme.net/brand/brand_id/6380/top/nt
タッチャ,https://www.cosme.net/brand/brand_id/125285/top/nt
d'Alba(ダルバ),https://www.cosme.net/brand/brand_id/120823/top/nt
chee shu,https://www.cosme.net/brand/brand_id/129736/top/nt
ちふれ,https://www.cosme.net/brand/brand_id/299/top/nt
Chacott COSMETICS(チャコット・コスメティクス),https://www.cosme.net/brand/brand_id/2171/top/nt
DEAR DAHLIA,https://www.cosme.net/brand/brand_id/118168/top/nt
ディアボーテ,https://www.cosme.net/brand/brand_id/109303/top/nt
D-UP(ディーアップ),https://www.cosme.net/brand/brand_id/4290/top/nt
DHC,https://www.cosme.net/brand/brand_id/23/top/nt
d プログラム,https://www.cosme.net/brand/brand_id/645/top/nt
ディオール,https://www.cosme.net/brand/brand_id/46/top/nt
dasique,https://www.cosme.net/brand/brand_id/123482/top/nt
TIRTIR,https://www.cosme.net/brand/brand_id/119868/top/nt
デオナチュレ,https://www.cosme.net/brand/brand_id/963/top/nt
デジャヴュ,https://www.cosme.net/brand/brand_id/353/top/nt
DERMED(デルメッド),https://www.cosme.net/brand/brand_id/8133/top/nt
デンティス,https://www.cosme.net/brand/brand_id/111434/top/nt
ドクターケイ,https://www.cosme.net/brand/brand_id/4566/top/nt
ドクターシーラボ,https://www.cosme.net/brand/brand_id/368/top/nt
Dr.Jart+,https://www.cosme.net/brand/brand_id/106070/top/nt
トム フォード ビューティ,https://www.cosme.net/brand/brand_id/18186/top/nt
ドモホルンリンクル,https://www.cosme.net/brand/brand_id/982/top/nt
トランシーノ,https://www.cosme.net/brand/brand_id/100341/top/nt
Torriden (トリデン),https://www.cosme.net/brand/brand_id/120757/top/nt
トワニー,https://www.cosme.net/brand/brand_id/351/top/nt
NARS,https://www.cosme.net/brand/brand_id/2213/top/nt
ナチュラグラッセ,https://www.cosme.net/brand/brand_id/20430/top/nt
ナチュリエ,https://www.cosme.net/brand/brand_id/2791/top/nt
ナリスアップ,https://www.cosme.net/brand/brand_id/107958/top/nt
ナンバーズイン(numbuzin),https://www.cosme.net/brand/brand_id/122729/top/nt
ニベア,https://www.cosme.net/brand/brand_id/471/top/nt
ニュクス,https://www.cosme.net/brand/brand_id/3001/top/nt
ネイチャーリパブリック,https://www.cosme.net/brand/brand_id/102965/top/nt
ハーバー,https://www.cosme.net/brand/brand_id/156/top/nt
パーフェクトワン,https://www.cosme.net/brand/brand_id/109376/top/nt
ハウス オブ ローゼ,https://www.cosme.net/brand/brand_id/556/top/nt
BAUM,https://www.cosme.net/brand/brand_id/123034/top/nt
HADA method,https://www.cosme.net/brand/brand_id/128838/top/nt
肌ラボ,https://www.cosme.net/brand/brand_id/103647/top/nt
HAP＋R(ハップアール),https://www.cosme.net/brand/brand_id/117151/top/nt
Panasonic,https://www.cosme.net/brand/brand_id/20806/top/nt
PAPA RECIPE,https://www.cosme.net/brand/brand_id/116172/top/nt
パラドゥ,https://www.cosme.net/brand/brand_id/721/top/nt
パンテーン,https://www.cosme.net/brand/brand_id/684/top/nt
ヒアルモイスト,https://www.cosme.net/brand/brand_id/117786/top/nt
PEACH JOHN(ピーチ・ジョン),https://www.cosme.net/brand/brand_id/107471/top/nt
pdc,https://www.cosme.net/brand/brand_id/3127/top/nt
bior organics,https://www.cosme.net/brand/brand_id/127128/top/nt
ビトアス,https://www.cosme.net/brand/brand_id/116106/top/nt
ヒロインメイク,https://www.cosme.net/brand/brand_id/11624/top/nt
hince,https://www.cosme.net/brand/brand_id/124780/top/nt
FAS,https://www.cosme.net/brand/brand_id/128457/top/nt
FABIUS,https://www.cosme.net/brand/brand_id/110579/top/nt
FEMMUE（ファミュ）,https://www.cosme.net/brand/brand_id/117252/top/nt
ファンケル,https://www.cosme.net/brand/brand_id/111/top/nt
fwee(フィー),https://www.cosme.net/brand/brand_id/126186/top/nt
フィーノ,https://www.cosme.net/brand/brand_id/8985/top/nt
VT(ブイティー),https://www.cosme.net/brand/brand_id/116715/top/nt
FRACORA,https://www.cosme.net/brand/brand_id/11070/top/nt
フラスキン(FLASKIN),https://www.cosme.net/brand/brand_id/129129/top/nt
PLUEST(プルエスト),https://www.cosme.net/brand/brand_id/117753/top/nt
プレディア,https://www.cosme.net/brand/brand_id/284/top/nt
ベネフィーク,https://www.cosme.net/brand/brand_id/600/top/nt
ヘビーローテーション,https://www.cosme.net/brand/brand_id/19549/top/nt
ポール ＆ ジョー ボーテ,https://www.cosme.net/brand/brand_id/3619/top/nt
ボタニカル フォース,https://www.cosme.net/brand/brand_id/110386/top/nt
BOTANIST(ボタニスト),https://www.cosme.net/brand/brand_id/110908/top/nt
HOT TAB,https://www.cosme.net/brand/brand_id/110629/top/nt
ボトルワークス,https://www.cosme.net/brand/brand_id/119338/top/nt
HOLIDEA,https://www.cosme.net/brand/brand_id/129178/top/nt
米肌(MAIHADA),https://www.cosme.net/brand/brand_id/105405/top/nt
マキアージュ,https://www.cosme.net/brand/brand_id/12999/top/nt
M・A・C,https://www.cosme.net/brand/brand_id/57/top/nt
manyo,https://www.cosme.net/brand/brand_id/107893/top/nt
manage,https://www.cosme.net/brand/brand_id/129375/top/nt
mixim（ミクシム）,https://www.cosme.net/brand/brand_id/117008/top/nt
MISSHA（ミシャ）,https://www.cosme.net/brand/brand_id/13201/top/nt
ミノン,https://www.cosme.net/brand/brand_id/199/top/nt
MINNA,https://www.cosme.net/brand/brand_id/108959/top/nt
MEDICUBE(メディキューブ),https://www.cosme.net/brand/brand_id/115303/top/nt
MEDIHEAL(メディヒール),https://www.cosme.net/brand/brand_id/115460/top/nt
メデュラ(MEDULLA),https://www.cosme.net/brand/brand_id/117119/top/nt
melt,https://www.cosme.net/brand/brand_id/129480/top/nt
メンターム,https://www.cosme.net/brand/brand_id/676/top/nt
YA-MAN TOKYO JAPAN(ヤーマントウキョウジャパン),https://www.cosme.net/brand/brand_id/123404/top/nt
ライスフォース,https://www.cosme.net/brand/brand_id/2074/top/nt
Laka,https://www.cosme.net/brand/brand_id/119173/top/nt
La Sana(ラサーナ),https://www.cosme.net/brand/brand_id/1784/top/nt
LANEIGE(ラネージュ),https://www.cosme.net/brand/brand_id/7623/top/nt
Lala Vie (ララヴィ),https://www.cosme.net/brand/brand_id/117194/top/nt
ラ ロッシュ ポゼ,https://www.cosme.net/brand/brand_id/3948/top/nt
ランコム,https://www.cosme.net/brand/brand_id/42/top/nt
リサージ,https://www.cosme.net/brand/brand_id/903/top/nt
リジュラン,https://www.cosme.net/brand/brand_id/121491/top/nt
RISM(リズム),https://www.cosme.net/brand/brand_id/123933/top/nt
ReFa,https://www.cosme.net/brand/brand_id/22434/top/nt
Liftage[リフタージュ],https://www.cosme.net/brand/brand_id/116664/top/nt
ルクエ,https://www.cosme.net/brand/brand_id/103568/top/nt
ルネ フルトレール,https://www.cosme.net/brand/brand_id/113575/top/nt
ル・マイルド,https://www.cosme.net/brand/brand_id/127059/top/nt
ルルルン,https://www.cosme.net/brand/brand_id/103508/top/nt
ローラ メルシエ,https://www.cosme.net/brand/brand_id/1705/top/nt
ロジェ・ガレ,https://www.cosme.net/brand/brand_id/110172/top/nt
LoNLy,https://www.cosme.net/brand/brand_id/129163/top/nt
