product_id,メーカー,ブランド名,アイテムカテゴリ,ベストコスメ,ランキングIN
10242050,パルファン・クリスチャン・ディオール,ディオール,メイクアップ > アイシャドウ > パウダーアイシャドウ,{'BestCosme_Award_1': '@cosmeベストコスメアワード2024 ベストアイシャドウパレット 第3位'},パウダーアイシャドウランキング 6位
10245185,資生堂,マキアージュ,メイクアップ > 口紅・グロス・リップライナー > 口紅 > スキンケア・基礎化粧品 > 目元・口元スペシャルケア > リップケア・リップクリーム,"{'BestCosme_Award_1': '@cosmeベストコスメアワード2024 価格別賞 ミドルプライス部門 リップ 第1位', 'BestCosme_Award_2': '@cosmeベストコスメアワード2024 上半期新作ベストリップスティック 第2位', 'BestCosme_Award_3': '@cosmeベストコスメアワード2024 上半期新作コスメ 価格別賞 ミドルプライス部門 リップ 第1位'}",
10249522,花王,エスト,スキンケア・基礎化粧品 > 洗顔料 > 洗顔フォーム,"{'BestCosme_Award_1': '@cosmeベストコスメアワード2024 上半期新作ベスト洗顔料 第1位', 'BestCosme_Award_2': '@cosmeベストコスメアワード2024 上半期新作コスメ 価格別賞 ミドルプライス部門 洗顔料 第1位'}",洗顔フォームランキング 5位
10237741,VT COSMETICS,VT(ブイティー),スキンケア・基礎化粧品 > 乳液・美容液など > 美容液 > スキンケア・基礎化粧品 > 化粧水 > ブースター・導入液,"{'BestCosme_Award_1': '@cosmeベストコスメアワード2024 ベストブースター 第1位', 'BestCosme_Award_2': '@cosmeベストコスメアワード2023 ベストブースター 第1位', 'BestCosme_Award_3': '@cosmeベストコスメアワード2023 下半期ブースター新人賞'}",ブースター・導入液ランキング 12位
10128635,カネボウ化粧品,ケイト,メイクアップ > アイブロウ > パウダーアイブロウ,"{'BestCosme_Award_1': '@cosmeベストコスメアワード2020 殿堂入り', 'BestCosme_Award_2': '@cosmeベストコスメアワード2019 ベストアイブロウ 第1位', 'BestCosme_Award_3': '@cosmeベストコスメアワード2018 ベストアイブロウ 第1位'}",パウダーアイブロウランキング 1位
10251821,RMK Division,RMK,メイクアップ > 口紅・グロス・リップライナー > 口紅,{'BestCosme_Award_1': '@cosmeベストコスメアワード2024 ベストリップスティック 第2位'},口紅ランキング 4位
10241938,シロク,FAS,スキンケア・基礎化粧品 > 化粧水 > 化粧水,,化粧水ランキング 15位
10101925,ニベア花王,ニベア,スキンケア・基礎化粧品 > 目元・口元スペシャルケア > リップケア・リップクリーム,,
10260116,カネボウ化粧品,ケイト,メイクアップ > 口紅・グロス・リップライナー > 口紅,,口紅ランキング 8位
10171625,アリエルトレーディング,LAGOM(ラゴム),スキンケア・基礎化粧品 > 洗顔料 > その他洗顔料,,その他洗顔料ランキング 2位
10257334,GOWOONSESANG COSMETICS,Dr.G(ドクタージー),スキンケア・基礎化粧品 > その他スキンケア > その他スキンケア,,
10226663,資生堂フィティット,マジョリカ マジョルカ,スキンケア・基礎化粧品 > 目元・口元スペシャルケア > まつげ美容液,"{'BestCosme_Award_1': '@cosmeベストコスメアワード2024 ベストまつげ美容液 第2位', 'BestCosme_Award_2': '@cosmeベストコスメアワード2023 ベストまつげ美容液 第1位', 'BestCosme_Award_3': '@cosmeベストコスメアワード2022 下半期まつげ美容液新人賞'}",まつげ美容液ランキング 4位
10217158,ラ ロッシュ ポゼ,ラ ロッシュ ポゼ,スキンケア・基礎化粧品 > 乳液・美容液など > 乳液 > ベースメイク > 化粧下地・コンシーラー > 化粧下地 > 日焼け対策・UVケア > 日焼け止め・UVケア(顔用),"{'BestCosme_Award_1': '@cosmeベストコスメアワード2022 上半期新作ベスト化粧下地 第1位', 'BestCosme_Award_2': '@cosmeベストコスメアワード2022 上半期新作コスメ 価格別賞 ミドルプライス部門 化粧下地 第1位'}",
10259711,花王,SOFINA iP,スキンケア・基礎化粧品 > 乳液・美容液など > フェイスクリーム,,フェイスクリームランキング 6位
10254350,ドクターケイ,ドクターケイ,スキンケア・基礎化粧品 > 乳液・美容液など > 美容液,,美容液ランキング 18位
10229576,スタイリングライフ・ホールディングス BCL カンパニー,乾燥さん,ベースメイク > 化粧下地・コンシーラー > 化粧下地 > 日焼け対策・UVケア > 日焼け止め・UVケア(顔用) > スキンケア・基礎化粧品 > 乳液・美容液など > フェイスオイル・バーム,"{'BestCosme_Award_1': '@cosmeベストコスメアワード2023 上半期新作ベストオイル・バーム 第2位', 'BestCosme_Award_2': '@cosmeベストコスメアワード2023 上半期新作コスメ 価格別賞 ロープライス部門 オイル・バーム 第1位'}",フェイスオイル・バームランキング 15位
10260855,オルビス,オルビス,スキンケア・基礎化粧品 > 化粧水 > 化粧水,,化粧水ランキング 9位
10065984,井田ラボラトリーズ,キャンメイク,ベースメイク > 化粧下地・コンシーラー > 化粧下地,"{'BestCosme_Award_1': '@cosmeベストコスメアワード2016 ベスト化粧下地 第2位', 'BestCosme_Award_2': '@cosmeベストコスメアワード2015 ベスト化粧下地 第1位', 'BestCosme_Award_3': '@cosmeベストコスメアワード2014 ベスト化粧下地 第1位'}",アイシャドウベースランキング 3位
10251147,資生堂,インウイ,メイクアップ > アイシャドウ > パウダーアイシャドウ,"{'BestCosme_Award_1': '@cosmeベストコスメアワード2024 上半期新作ベストアイシャドウパレット 第2位', 'BestCosme_Award_2': '@cosmeベストコスメアワード2024 上半期新作コスメ 価格別賞 ハイプライス部門 アイシャドウ 第1位'}",パウダーアイシャドウランキング 9位
10264930,富士フイルム,アスタリフト,ベースメイク > 化粧下地・コンシーラー > 化粧下地 > 日焼け対策・UVケア > 日焼け止め・UVケア(顔用),,
10233501,資生堂インターナショナル,クレ・ド・ポー ボーテ,日焼け対策・UVケア > 日焼け止め・UVケア(顔用) > 日焼け対策・UVケア > 日焼け止め・UVケア(ボディ用),"{'BestCosme_Award_1': '@cosmeベストコスメアワード2023 上半期新作ベスト日焼け止め 第3位', 'BestCosme_Award_2': '@cosmeベストコスメアワード2023 上半期新作コスメ 価格別賞 ハイプライス部門 日焼け止め 第1位'}",日焼け止め・UVケア(ボディ用)ランキング 1位
10227807,牛乳石鹸共進社,カウブランド無添加,スキンケア・基礎化粧品 > クレンジング > ミルククレンジング,,ミルククレンジングランキング 3位
10013373,ヴェルジェ,シェルクルール,スキンケア・基礎化粧品 > 洗顔料 > 洗顔フォーム,,洗顔フォームランキング 18位
10245884,Dr.ルルルン,ルルルン,スキンケア・基礎化粧品 > パック・フェイスマスク > シートマスク・パック,"{'BestCosme_Award_1': '@cosmeベストコスメアワード2024 ベストシートマスク 第2位', 'BestCosme_Award_2': '@cosmeベストコスメアワード2024 上半期新作ベストシートマスク 第1位', 'BestCosme_Award_3': '@cosmeベストコスメアワード2024 上半期新作コスメ 価格別賞 ミドルプライス部門 シートマスク 第1位'}",シートマスク・パックランキング 2位
10251698,ゲラン,ゲラン,メイクアップ > 口紅・グロス・リップライナー > リップグロス > スキンケア・基礎化粧品 > 目元・口元スペシャルケア > リップケア・リップクリーム,"{'BestCosme_Award_1': '@cosmeベストコスメアワード2024 上半期新作ベストリップケア 第1位', 'BestCosme_Award_2': '@cosmeベストコスメアワード2024 上半期新作コスメ 価格別賞 ハイプライス部門 リップケア 第1位'}",リップグロスランキング 8位
10194929,資生堂インターナショナル,d プログラム,スキンケア・基礎化粧品 > 化粧水 > 化粧水,"{'BestCosme_Award_1': '@cosmeベストコスメアワード2024 ベスト化粧水 第1位', 'BestCosme_Award_2': '@cosmeベストコスメアワード2024 価格別賞 ミドルプライス部門 化粧水 第1位'}",化粧水ランキング 2位
10237743,VT COSMETICS,VT(ブイティー),スキンケア・基礎化粧品 > 乳液・美容液など > 美容液 > スキンケア・基礎化粧品 > 化粧水 > ブースター・導入液,{'BestCosme_Award_1': '@cosmeベストコスメアワード2024 ベストブースター 第2位'},ブースター・導入液ランキング 11位
10248076,コスメデコルテ,コスメデコルテ,ベースメイク > フェイスパウダー > ルースパウダー,"{'BestCosme_Award_1': '@cosmeベストコスメアワード2024 総合 第2位', 'BestCosme_Award_2': '@cosmeベストコスメアワード2024 ベストパウダー 第1位', 'BestCosme_Award_3': '@cosmeベストコスメアワード2024 価格別賞 ハイプライス部門 パウダー 第1位', 'BestCosme_Award_4': '@cosmeベストコスメアワード2024 @cosme STORE ベストヒット賞 総合 第2位', 'BestCosme_Award_5': '@cosmeベストコスメアワード2024 上半期新作コスメ 総合 第2位', 'BestCosme_Award_6': '@cosmeベストコスメアワード2024 上半期新作ベストパウダー 第1位', 'BestCosme_Award_7': '@cosmeベストコスメアワード2024 上半期新作コスメ 価格別賞 ハイプライス部門 パウダー 第1位', 'BestCosme_Award_8': '@cosmeベストコスメアワード2024 @cosme SHOPPING 上半期新作ベストヒット賞 総合 第2位', 'BestCosme_Award_9': '@cosmeベストコスメアワード2024 @cosme STORE 上半期新作ベストヒット賞 総合 第1位'}",ルースパウダーランキング 1位
10254772,MTG,ReFa,ボディケア・オーラルケア > その他ボディケア > その他ボディケア > スキンケア・基礎化粧品 > その他スキンケア > その他スキンケア > 美容グッズ・美容家電 > ボディグッズ > ボディ・バスグッズ,,ボディ・バスグッズランキング 3位
10257534,ナーズ ジャパン,NARS,ベースメイク > 化粧下地・コンシーラー > 化粧下地,{'BestCosme_Award_1': '@cosmeベストコスメアワード2024 @cosme SHOPPING ベストヒット賞 下半期新人賞 第2位'},化粧下地ランキング 6位
10266097,資生堂インターナショナル,SHISEIDO,ベースメイク > フェイスパウダー > プレストパウダー > スキンケア・基礎化粧品 > その他スキンケア > その他スキンケア,,
10195179,漢方スキンケア科学研究センター,DR PLANT,スキンケア・基礎化粧品 > パック・フェイスマスク > シートマスク・パック,,
10219689,資生堂インターナショナル,クレ・ド・ポー ボーテ,ベースメイク > 化粧下地・コンシーラー > 化粧下地,"{'BestCosme_Award_1': '@cosmeベストコスメアワード2024 ベスト化粧下地 第2位', 'BestCosme_Award_2': '@cosmeベストコスメアワード2024 価格別賞 ハイプライス部門 化粧下地 第1位', 'BestCosme_Award_3': '@cosmeベストコスメアワード2022 上半期新作ベスト化粧下地 第2位', 'BestCosme_Award_4': '@cosmeベストコスメアワード2022 上半期新作コスメ 価格別賞 ハイプライス部門 化粧下地 第1位'}",化粧下地ランキング 12位
10202533,資生堂インターナショナル,SHISEIDO,ベースメイク > フェイスパウダー > プレストパウダー > スキンケア・基礎化粧品 > その他スキンケア > その他スキンケア,,その他スキンケアランキング 8位
10219207,JNTLコンシューマーヘルス,ドクターシーラボ,スキンケア・基礎化粧品 > 化粧水 > 化粧水,"{'BestCosme_Award_1': '@cosmeベストコスメアワード2022 ベスト化粧水 第3位', 'BestCosme_Award_2': '@cosmeベストコスメアワード2022 価格別賞 ミドルプライス部門 化粧水 第1位', 'BestCosme_Award_3': '@cosmeベストコスメアワード2022 上半期新作ベスト化粧水 第2位'}",
10167922,ラ・メール,ラ・メール,メイクアップ > 口紅・グロス・リップライナー > リップグロス > スキンケア・基礎化粧品 > 目元・口元スペシャルケア > リップケア・リップクリーム,,リップグロスランキング 16位
2893546,P＆Gプレステージ,SK-II,スキンケア・基礎化粧品 > 化粧水 > 化粧水 > スキンケア・基礎化粧品 > 化粧水 > ブースター・導入液,"{'BestCosme_Award_1': '@cosmeベストコスメアワード2017 殿堂入り', 'BestCosme_Award_2': '@cosmeベストコスメアワード2016 ベスト化粧水 第1位', 'BestCosme_Award_3': '@cosmeベストコスメアワード2015 ベスト化粧水 第1位'}",化粧水ランキング 1位
10243897,花王,SOFINA iP,スキンケア・基礎化粧品 > 乳液・美容液など > 美容液 > スキンケア・基礎化粧品 > 化粧水 > ブースター・導入液,"{'BestCosme_Award_1': '@cosmeベストコスメアワード2024 ベスト美容液 第2位', 'BestCosme_Award_2': '@cosmeベストコスメアワード2024 価格別賞 ミドルプライス部門 美容液 第1位', 'BestCosme_Award_3': '@cosmeベストコスメアワード2024 上半期新作ベスト美容液・ブースター 第1位', 'BestCosme_Award_4': '@cosmeベストコスメアワード2024 上半期新作コスメ 価格別賞 ミドルプライス部門 美容液 第1位'}",ブースター・導入液ランキング 6位
10151191,イミュ,デジャヴュ,メイクアップ > マスカラ > マスカラ,"{'BestCosme_Award_1': '@cosmeベストコスメアワード2021 殿堂入り', 'BestCosme_Award_2': '@cosmeベストコスメアワード2020 ベストマスカラ 第1位', 'BestCosme_Award_3': '@cosmeベストコスメアワード2019 ベストマスカラ 第1位'}",マスカラランキング 1位
10259390,資生堂,エリクシール,スキンケア・基礎化粧品 > 乳液・美容液など > 美容液,,美容液ランキング 3位
10217763,VT COSMETICS,VT(ブイティー),スキンケア・基礎化粧品 > その他スキンケア > その他スキンケア > 美容グッズ・美容家電 > スキンケアグッズ > その他スキンケアグッズ,,その他スキンケアランキング 4位
10216252,Dr.ルルルン,ルルルン,スキンケア・基礎化粧品 > パック・フェイスマスク > シートマスク・パック,{'BestCosme_Award_1': '@cosmeベストコスメアワード2022 上半期新作ベストシートマスク・パック 第2位'},シートマスク・パックランキング 10位
10046695,花王,キュレル,スキンケア・基礎化粧品 > 洗顔料 > 洗顔フォーム,,洗顔フォームランキング 4位
10218271,カネボウ化粧品,KANEBO,スキンケア・基礎化粧品 > 乳液・美容液など > 美容液 > ベースメイク > 化粧下地・コンシーラー > 化粧下地 > 日焼け対策・UVケア > 日焼け止め・UVケア(顔用),"{'BestCosme_Award_1': '@cosmeベストコスメアワード2024 ベスト日焼け止め 第2位', 'BestCosme_Award_2': '@cosmeベストコスメアワード2024 価格別賞 ハイプライス部門 日焼け止め 第1位', 'BestCosme_Award_3': '@cosmeベストコスメアワード2023 ベスト日焼け止め 第1位', 'BestCosme_Award_4': '@cosmeベストコスメアワード2023 価格別賞 ハイプライス部門 日焼け止め 第1位', 'BestCosme_Award_5': '@cosmeベストコスメアワード2022 ベスト日焼け止め 第1位', 'BestCosme_Award_6': '@cosmeベストコスメアワード2022 価格別賞 ハイプライス部門 日焼け止め 第1位', 'BestCosme_Award_7': '@cosmeベストコスメアワード2022 上半期新作ベスト日焼け止め 第1位', 'BestCosme_Award_8': '@cosmeベストコスメアワード2022 上半期新作コスメ 価格別賞 ハイプライス部門 日焼け止め 第1位'}",日焼け止め・UVケア(顔用)ランキング 6位
10225766,富士フイルム,アスタリフト,スキンケア・基礎化粧品 > 乳液・美容液など > 美容液 > スキンケア・基礎化粧品 > 目元・口元スペシャルケア > アイケア・アイクリーム,,アイケア・アイクリームランキング 6位
10211671,パルファン・クリスチャン・ディオール,ディオール,ベースメイク > フェイスパウダー > プレストパウダー,"{'BestCosme_Award_1': '@cosmeベストコスメアワード2022 ベストハイライト 第1位', 'BestCosme_Award_2': '@cosmeベストコスメアワード2022 価格別賞 ハイプライス部門 ハイライト・シェーディング 第1位'}",ハイライトランキング 7位
10243033,アテニア,アテニア,スキンケア・基礎化粧品 > クレンジング > オイルクレンジング,{'BestCosme_Award_1': '@cosmeベストコスメアワード2024 上半期新作ベストクレンジング 第2位'},オイルクレンジングランキング 13位
10188160,ラ ロッシュ ポゼ,ラ ロッシュ ポゼ,スキンケア・基礎化粧品 > 乳液・美容液など > 乳液 > ベースメイク > 化粧下地・コンシーラー > 化粧下地 > 日焼け対策・UVケア > 日焼け止め・UVケア(顔用),"{'BestCosme_Award_1': '@cosmeベストコスメアワード2023 ベスト化粧下地 第2位', 'BestCosme_Award_2': '@cosmeベストコスメアワード2023 価格別賞 ミドルプライス部門 化粧下地 第1位', 'BestCosme_Award_3': '@cosmeベストコスメアワード2022 ベスト化粧下地 第2位', 'BestCosme_Award_4': '@cosmeベストコスメアワード2022 価格別賞 ミドルプライス部門 化粧下地 第1位', 'BestCosme_Award_5': '@cosmeベストコスメアワード2021 ベスト化粧下地 第1位', 'BestCosme_Award_6': '@cosmeベストコスメアワード2020 ベスト化粧下地 第3位', 'BestCosme_Award_7': '@cosmeベストコスメアワード2020 上半期新作ベスト化粧下地 第1位', 'BestCosme_Award_8': '@cosmeベストコスメアワード2020 @cosme STORE 上半期新作ベストヒット賞 ベースメイク 第1位', 'BestCosme_Award_9': '@cosmeベストコスメアワード2020 @cosme SHOPPING 上半期新作ベストヒット賞 ベースメイク 第2位'}",乳液ランキング 4位
10258143,エスティ ローダー,エスティ ローダー,スキンケア・基礎化粧品 > 化粧水 > 化粧水,,化粧水ランキング 10位
10232043,パルファム ジバンシイ〔LVMHフレグランスブランズ〕,ジバンシイ,ベースメイク > 化粧下地・コンシーラー > 化粧下地,"{'BestCosme_Award_1': '@cosmeベストコスメアワード2023 上半期新作ベスト化粧下地 第2位', 'BestCosme_Award_2': '@cosmeベストコスメアワード2023 上半期新作コスメ 価格別賞 ハイプライス部門 化粧下地 第1位'}",化粧下地ランキング 7位
10244352,Rainmakers,muice,ベースメイク > フェイスパウダー > プレストパウダー,,プレストパウダーランキング 14位
10220305,クラランス,クラランス,メイクアップ > 口紅・グロス・リップライナー > リップグロス > スキンケア・基礎化粧品 > 目元・口元スペシャルケア > リップケア・リップクリーム,,リップグロスランキング 4位
10260859,マルマンH&B,ピュレア,スキンケア・基礎化粧品 > パック・フェイスマスク > シートマスク・パック,,
10188321,ポール ＆ ジョー ボーテ,ポール ＆ ジョー ボーテ,ベースメイク > 化粧下地・コンシーラー > 化粧下地 > 日焼け対策・UVケア > 日焼け止め・UVケア(顔用),"{'BestCosme_Award_1': '@cosmeベストコスメアワード2024 ベスト化粧下地 第3位', 'BestCosme_Award_2': '@cosmeベストコスメアワード2023 ベスト化粧下地 第3位', 'BestCosme_Award_3': '@cosmeベストコスメアワード2022 ベスト化粧下地 第3位', 'BestCosme_Award_4': '@cosmeベストコスメアワード2021 ベスト化粧下地 第2位', 'BestCosme_Award_5': '@cosmeベストコスメアワード2020 ベスト化粧下地 第1位', 'BestCosme_Award_6': '@cosmeベストコスメアワード2020 @cosme SHOPPING ベストヒット賞 ベースメイク 第1位', 'BestCosme_Award_7': '@cosmeベストコスメアワード2020 上半期新作ベスト化粧下地 第2位', 'BestCosme_Award_8': '@cosmeベストコスメアワード2020 @cosme SHOPPING 上半期新作ベストヒット賞 総合', 'BestCosme_Award_9': '@cosmeベストコスメアワード2020 @cosme SHOPPING 上半期新作ベストヒット賞 ベースメイク 第1位'}",日焼け止め・UVケア(顔用)ランキング 8位
10259209,第一三共ヘルスケア,ミノン,スキンケア・基礎化粧品 > 乳液・美容液など > フェイスクリーム > ベースメイク > 化粧下地・コンシーラー > 化粧下地 > 日焼け対策・UVケア > 日焼け止め・UVケア(顔用),,日焼け止め・UVケア(顔用)ランキング 11位
10218216,パルファム ジバンシイ〔LVMHフレグランスブランズ〕,ジバンシイ,日焼け対策・UVケア > 日焼け止め・UVケア(顔用),,
10115287,マンダム,ビフェスタ,スキンケア・基礎化粧品 > 洗顔料 > 洗顔フォーム,{'BestCosme_Award_1': '@cosmeベストコスメアワード2016 ベスト洗顔料 第3位'},
10252971,ランコム,ランコム,ベースメイク > 化粧下地・コンシーラー > 化粧下地 > 日焼け対策・UVケア > 日焼け止め・UVケア(顔用),,
10240557,コーセー,ONE BY KOSE,スキンケア・基礎化粧品 > 乳液・美容液など > フェイスオイル・バーム,"{'BestCosme_Award_1': '@cosmeベストコスメアワード2024 ベストオイル・バーム 第1位', 'BestCosme_Award_2': '@cosmeベストコスメアワード2023 ベストオイル・バーム 第2位', 'BestCosme_Award_3': '@cosmeベストコスメアワード2023 下半期バーム新人賞'}",フェイスオイル・バームランキング 1位
10202132,ニベア花王,ニベア,ベースメイク > 化粧下地・コンシーラー > 化粧下地 > 日焼け対策・UVケア > 日焼け止め・UVケア(顔用) > 日焼け対策・UVケア > 日焼け止め・UVケア(ボディ用),"{'BestCosme_Award_1': '@cosmeベストコスメアワード2024 価格別賞 ロープライス部門 日焼け止め 第1位', 'BestCosme_Award_2': '@cosmeベストコスメアワード2023 ベスト日焼け止め 第2位', 'BestCosme_Award_3': '@cosmeベストコスメアワード2023 価格別賞 ロープライス部門 日焼け止め 第1位', 'BestCosme_Award_4': '@cosmeベストコスメアワード2022 ベスト日焼け止め 第2位', 'BestCosme_Award_5': '@cosmeベストコスメアワード2022 価格別賞 ロープライス部門 日焼け止め 第1位', 'BestCosme_Award_6': '@cosmeベストコスメアワード2021 ベスト日焼け止め 第2位', 'BestCosme_Award_7': '@cosmeベストコスメアワード2021 上半期新作ベスト日焼け止め 第1位'}",日焼け止め・UVケア(ボディ用)ランキング 4位
10233075,カネボウ化粧品,KANEBO,スキンケア・基礎化粧品 > 化粧水 > 化粧水 > スキンケア・基礎化粧品 > 化粧水 > ブースター・導入液,"{'BestCosme_Award_1': '@cosmeベストコスメアワード2024 ベスト拭き取り化粧水 第1位', 'BestCosme_Award_2': '@cosmeベストコスメアワード2023 ベスト拭き取り化粧水 第1位', 'BestCosme_Award_3': '@cosmeベストコスメアワード2023 上半期新作ベスト化粧水 第1位', 'BestCosme_Award_4': '@cosmeベストコスメアワード2023 上半期新作コスメ 価格別賞 ミドルプライス部門 化粧水 第1位'}",拭き取り化粧水ランキング 2位
10248341,ラ ロッシュ ポゼ,ラ ロッシュ ポゼ,スキンケア・基礎化粧品 > 乳液・美容液など > フェイスクリーム,"{'BestCosme_Award_1': '@cosmeベストコスメアワード2024 ベストフェイスクリーム 第3位', 'BestCosme_Award_2': '@cosmeベストコスメアワード2024 価格別賞 ミドルプライス部門 フェイスクリーム 第1位', 'BestCosme_Award_3': '@cosmeベストコスメアワード2024 上半期新作ベストフェイスクリーム 第1位', 'BestCosme_Award_4': '@cosmeベストコスメアワード2024 上半期新作コスメ 価格別賞 ミドルプライス部門 フェイスクリーム・ジェル 第1位'}",フェイスクリームランキング 11位
10239310,BENOW,ナンバーズイン(numbuzin),スキンケア・基礎化粧品 > パック・フェイスマスク > シートマスク・パック,,
10188735,イプサ,イプサ,ベースメイク > フェイスパウダー > プレストパウダー > スキンケア・基礎化粧品 > その他スキンケア > その他スキンケア,{'BestCosme_Award_1': '@cosmeベストコスメアワード2020 上半期新作ベストパウダー 第1位'},その他スキンケアランキング 5位
2912189,牛乳石鹸共進社,カウブランド,スキンケア・基礎化粧品 > 洗顔料 > 洗顔石鹸 > ボディケア・オーラルケア > デイリーボディケア > ボディ石鹸,"{'BestCosme_Award_1': '@cosmeベストコスメアワード2019 殿堂入り', 'BestCosme_Award_2': '@cosmeベストコスメアワード2017 ベストボディ洗浄料 第1位', 'BestCosme_Award_3': '@cosmeベストコスメアワード2016 ベストボディ洗浄料 第2位', 'BestCosme_Award_4': '@cosmeベストコスメアワード2015 ベスト洗顔料 第1位', 'BestCosme_Award_5': '2008年@cosmeベストコスメ大賞 石けん・ボディ洗浄料部門 第2位'}",洗顔石鹸ランキング 1位
10217586,コスメデコルテ,コスメデコルテ,スキンケア・基礎化粧品 > 乳液・美容液など > 乳液,"{'BestCosme_Award_1': '@cosmeベストコスメアワード2023 ベスト乳液 第3位', 'BestCosme_Award_2': '@cosmeベストコスメアワード2022 ベスト乳液 第1位', 'BestCosme_Award_3': '@cosmeベストコスメアワード2022 価格別賞 ミドルプライス部門 乳液 第1位', 'BestCosme_Award_4': '@cosmeベストコスメアワード2022 上半期新作ベスト乳液 第1位', 'BestCosme_Award_5': '@cosmeベストコスメアワード2022 上半期新作コスメ 価格別賞 ミドルプライス部門 乳液 第1位'}",乳液ランキング 5位
10079040,イプサ,イプサ,スキンケア・基礎化粧品 > 化粧水 > 化粧水,"{'BestCosme_Award_1': '@cosmeベストコスメアワード2024 @cosme SHOPPING ベストヒット賞 総合 第2位', 'BestCosme_Award_2': '@cosmeベストコスメアワード2023 @cosme SHOPPING ベストヒット賞 総合 第2位', 'BestCosme_Award_3': '@cosmeベストコスメアワード2022 殿堂入り', 'BestCosme_Award_4': '@cosmeベストコスメアワード2022 @cosme SHOPPING ベストヒット賞 総合 第2位', 'BestCosme_Award_5': '@cosmeベストコスメアワード2021 総合大賞', 'BestCosme_Award_6': '@cosmeベストコスメアワード2021 ベスト化粧水 第1位', 'BestCosme_Award_7': '@cosmeベストコスメアワード2021 @cosme SHOPPING ベストヒット賞 総合 第2位', 'BestCosme_Award_8': '@cosmeベストコスメアワード2020 総合 第2位', 'BestCosme_Award_9': '@cosmeベストコスメアワード2020 ベスト化粧水 第1位', 'BestCosme_Award_10': '@cosmeベストコスメアワード2020 @cosme SHOPPING ベストヒット賞 総合', 'BestCosme_Award_11': '@cosmeベストコスメアワード2020 @cosme SHOPPING ベストヒット賞 スキンケア 第1位', 'BestCosme_Award_12': '@cosmeベストコスメアワード2019 ベスト化粧水 第3位', 'BestCosme_Award_13': '@cosmeベストコスメアワード2019 @cosme SHOPPING ベストヒット賞 総合 第1位', 'BestCosme_Award_14': '@cosmeベストコスメアワード2019 @cosme SHOPPING ベストヒット賞 スキンケア 第1位', 'BestCosme_Award_15': '@cosmeベストコスメアワード2017 ベスト化粧水 第3位', 'BestCosme_Award_16': '@cosmeベストコスメアワード2017 @cosme SHOPPING ベストヒット賞 第1位'}",化粧水ランキング 5位
10250406,資生堂,エリクシール,スキンケア・基礎化粧品 > 乳液・美容液など > 乳液 > ベースメイク > 化粧下地・コンシーラー > 化粧下地 > 日焼け対策・UVケア > 日焼け止め・UVケア(顔用),"{'BestCosme_Award_1': '@cosmeベストコスメアワード2024 ベスト化粧下地 第1位', 'BestCosme_Award_2': '@cosmeベストコスメアワード2024 価格別賞 ミドルプライス部門 化粧下地 第1位', 'BestCosme_Award_3': '@cosmeベストコスメアワード2024 上半期新作ベスト化粧下地 第1位', 'BestCosme_Award_4': '@cosmeベストコスメアワード2024 上半期新作コスメ 価格別賞 ミドルプライス部門 化粧下地 第1位'}",乳液ランキング 1位
10249630,パルファン・クリスチャン・ディオール,ディオール,スキンケア・基礎化粧品 > 乳液・美容液など > 美容液 > スキンケア・基礎化粧品 > 目元・口元スペシャルケア > アイケア・アイクリーム,"{'BestCosme_Award_1': '@cosmeベストコスメアワード2024 上半期新作ベストアイケア 第2位', 'BestCosme_Award_2': '@cosmeベストコスメアワード2024 上半期新作コスメ 価格別賞 ハイプライス部門 アイケア 第1位'}",アイケア・アイクリームランキング 8位
10065715,コーセー,プレディア,スキンケア・基礎化粧品 > クレンジング > クレンジングクリーム,,クレンジングクリームランキング 5位
10265759,パルファン・クリスチャン・ディオール,ディオール,メイクアップ > 口紅・グロス・リップライナー > 口紅 > スキンケア・基礎化粧品 > 目元・口元スペシャルケア > リップケア・リップクリーム,,ティントランキング 4位
10217156,ラ ロッシュ ポゼ,ラ ロッシュ ポゼ,スキンケア・基礎化粧品 > 乳液・美容液など > 美容液 > スキンケア・基礎化粧品 > パック・フェイスマスク > ゴマージュ・ピーリング,,ゴマージュ・ピーリングランキング 8位
10234534,ADDICTION,アディクション,ベースメイク > 化粧下地・コンシーラー > 化粧下地 > 日焼け対策・UVケア > 日焼け止め・UVケア(顔用) > スキンケア・基礎化粧品 > その他スキンケア > その他スキンケア,{'BestCosme_Award_1': '@cosmeベストコスメアワード2023 上半期新作ベスト日焼け止め 第2位'},その他スキンケアランキング 12位
10165791,ファンケル,ファンケル,スキンケア・基礎化粧品 > 洗顔料 > 洗顔パウダー,"{'BestCosme_Award_1': '@cosmeベストコスメアワード2022 ベスト洗顔料 第3位', 'BestCosme_Award_2': '@cosmeベストコスメアワード2022 価格別賞 ロープライス部門 洗顔料 第1位', 'BestCosme_Award_3': '@cosmeベストコスメアワード2021 ベスト洗顔料 第3位', 'BestCosme_Award_4': '@cosmeベストコスメアワード2020 ベスト洗顔料 第1位', 'BestCosme_Award_5': '@cosmeベストコスメアワード2019 ベスト洗顔料 第1位', 'BestCosme_Award_6': '@cosmeベストコスメアワード2019 下半期洗顔料新人賞'}",洗顔パウダーランキング 2位
10241231,Rainmakers,Wonjungyo,メイクアップ > 口紅・グロス・リップライナー > リップグロス > スキンケア・基礎化粧品 > 目元・口元スペシャルケア > リップケア・リップクリーム,,リップグロスランキング 10位
10217719,パルファン・クリスチャン・ディオール,ディオール,ベースメイク > ファンデーション > リキッドファンデーション,"{'BestCosme_Award_1': '@cosmeベストコスメアワード2024 ベストリキッドファンデ 第2位', 'BestCosme_Award_2': '@cosmeベストコスメアワード2023 ベストリキッドファンデ 第1位', 'BestCosme_Award_3': '@cosmeベストコスメアワード2023 価格別賞 ハイプライス部門 ファンデーション 第1位', 'BestCosme_Award_4': '@cosmeベストコスメアワード2022 ベストリキッドファンデ 第1位', 'BestCosme_Award_5': '@cosmeベストコスメアワード2022 価格別賞 ハイプライス部門 ファンデーション 第1位', 'BestCosme_Award_6': '@cosmeベストコスメアワード2022 上半期新作コスメ 総合 第2位', 'BestCosme_Award_7': '@cosmeベストコスメアワード2022 上半期新作ベストリキッドファンデ 第1位', 'BestCosme_Award_8': '@cosmeベストコスメアワード2022 上半期新作コスメ 価格別賞 ハイプライス部門 ファンデーション 第1位'}",リキッドファンデーションランキング 2位
10262179,ナーズ ジャパン,NARS,ベースメイク > フェイスパウダー > プレストパウダー,,プレストパウダーランキング 11位
10263586,アテニア,アテニア,スキンケア・基礎化粧品 > クレンジング > オイルクレンジング,,オイルクレンジングランキング 4位
10253383,コスメデコルテ,コスメデコルテ,スキンケア・基礎化粧品 > クレンジング > クレンジングジェル,{'BestCosme_Award_1': '@cosmeベストコスメアワード2024 下半期クレンジング新人賞'},クレンジングジェルランキング 3位
10154074,パルファン・クリスチャン・ディオール,ディオール,メイクアップ > アイシャドウ > パウダーアイシャドウ > コフレ・キット・セット > メイクアップキット・パレット,{'BestCosme_Award_1': '@cosmeベストコスメアワード2019 ベストパレット 第1位'},アイシャドウベースランキング 1位
10251566,フードコスメ,BIOHEAL BOH,スキンケア・基礎化粧品 > 乳液・美容液など > フェイスクリーム,{'BestCosme_Award_1': '@cosmeベストコスメアワード2024 下半期フェイスクリーム新人賞'},フェイスクリームランキング 10位
10240630,P＆Gプレステージ,SK-II,スキンケア・基礎化粧品 > 乳液・美容液など > フェイスクリーム,,フェイスクリームランキング 1位
10246174,イプサ,イプサ,スキンケア・基礎化粧品 > 乳液・美容液など > 美容液,,美容液ランキング 15位
10258112,セザンヌ化粧品,セザンヌ,スキンケア・基礎化粧品 > クレンジング > その他クレンジング,,その他クレンジングランキング 2位
10236245,コーセーコスメポート,クリアターン,スキンケア・基礎化粧品 > パック・フェイスマスク > シートマスク・パック,,
10147158,井田ラボラトリーズ,キャンメイク,メイクアップ > アイライナー > ジェルアイライナー,"{'BestCosme_Award_1': '@cosmeベストコスメアワード2022 殿堂入り', 'BestCosme_Award_2': '@cosmeベストコスメアワード2021 ベストアイライナー 第1位', 'BestCosme_Award_3': '@cosmeベストコスメアワード2020 ベストアイライナー 第1位', 'BestCosme_Award_4': '@cosmeベストコスメアワード2019 ベストアイライナー 第3位'}",ジェルアイライナーランキング 1位
10188262,カネボウ化粧品,suisai,スキンケア・基礎化粧品 > 洗顔料 > 洗顔パウダー,"{'BestCosme_Award_1': '@cosmeベストコスメアワード2020 上半期新作ベスト洗顔料 第1位', 'BestCosme_Award_2': '@cosmeベストコスメアワード2020 @cosme STORE 上半期新作ベストヒット賞 スキンケア 第3位'}",洗顔パウダーランキング 1位
10243030,アテニア,アテニア,スキンケア・基礎化粧品 > クレンジング > オイルクレンジング,"{'BestCosme_Award_1': '@cosmeベストコスメアワード2024 総合大賞', 'BestCosme_Award_2': '@cosmeベストコスメアワード2024 ベストクレンジング 第1位', 'BestCosme_Award_3': '@cosmeベストコスメアワード2024 価格別賞 ロープライス部門 クレンジング 第1位', 'BestCosme_Award_4': '@cosmeベストコスメアワード2024 上半期新作コスメ 総合大賞', 'BestCosme_Award_5': '@cosmeベストコスメアワード2024 上半期新作ベストクレンジング 第1位', 'BestCosme_Award_6': '@cosmeベストコスメアワード2024 上半期新作コスメ 価格別賞 ロープライス部門 クレンジング 第1位', 'BestCosme_Award_7': '@cosmeベストコスメアワード2024 @cosme SHOPPING 上半期新作ベストヒット賞 総合 第1位', 'BestCosme_Award_8': '@cosmeベストコスメアワード2024 @cosme STORE 上半期新作ベストヒット賞 総合 第2位'}",オイルクレンジングランキング 1位
10216004,BENOW,ナンバーズイン(numbuzin),スキンケア・基礎化粧品 > パック・フェイスマスク > シートマスク・パック,,韓国コスメランキング 5位
10239397,資生堂,スノービューティー,ベースメイク > フェイスパウダー > プレストパウダー > スキンケア・基礎化粧品 > その他スキンケア > その他スキンケア,,その他スキンケアランキング 6位
10233863,花王,ビオレ,スキンケア・基礎化粧品 > クレンジング > オイルクレンジング,,オイルクレンジングランキング 17位
10244750,良品計画,無印良品,スキンケア・基礎化粧品 > 化粧水 > ブースター・導入液,,ブースター・導入液ランキング 13位
10261985,コーセー,ファシオ,スキンケア・基礎化粧品 > 目元・口元スペシャルケア > まつげ美容液 > スキンケア・基礎化粧品 > その他スキンケア > その他スキンケア,,その他スキンケアランキング 9位
10225645,コスメデコルテ,コスメデコルテ,スキンケア・基礎化粧品 > 乳液・美容液など > フェイスクリーム,"{'BestCosme_Award_1': '@cosmeベストコスメアワード2024 ベストフェイスクリーム 第2位', 'BestCosme_Award_2': '@cosmeベストコスメアワード2023 総合 第2位', 'BestCosme_Award_3': '@cosmeベストコスメアワード2023 ベストフェイスクリーム 第1位', 'BestCosme_Award_4': '@cosmeベストコスメアワード2023 価格別賞 ハイプライス部門 フェイスクリーム 第1位', 'BestCosme_Award_5': '@cosmeベストコスメアワード2022 下半期クリーム新人賞', 'BestCosme_Award_6': '@cosmeベストコスメアワード2022 @cosme SHOPPING ベストヒット賞 下半期新人賞 第3位'}",フェイスクリームランキング 3位
10218299,Torriden,Torriden (トリデン),スキンケア・基礎化粧品 > 目元・口元スペシャルケア > リップケア・リップクリーム,,リップケア・リップクリームランキング 7位
293354,花王,キュレル,スキンケア・基礎化粧品 > 乳液・美容液など > フェイスクリーム,"{'BestCosme_Award_1': '@cosmeベストコスメアワード2016 殿堂入り', 'BestCosme_Award_2': '@cosmeベストコスメアワード2015 ベストクリーム 第1位', 'BestCosme_Award_3': '@cosmeベストコスメアワード2014 ベストクリーム 第1位', 'BestCosme_Award_4': '2009年@cosmeベストコスメ大賞 クリーム部門 第3位'}",フェイスクリームランキング 5位
10154559,統一超商東京マーケティング,我的美麗日記（私のきれい日記）,スキンケア・基礎化粧品 > パック・フェイスマスク > シートマスク・パック,,
10246047,ドランク エレファント,ドランク エレファント,スキンケア・基礎化粧品 > その他スキンケア > その他スキンケア,,
10205483,ポーラ,ホワイトショット,スキンケア・基礎化粧品 > 乳液・美容液など > フェイスクリーム > 日焼け対策・UVケア > 日焼け止め・UVケア(顔用),,
10154078,パルファン・クリスチャン・ディオール,ディオール,メイクアップ > チーク > パウダーチーク > ベースメイク > フェイスパウダー > プレストパウダー > コフレ・キット・セット > メイクアップキット・パレット,"{'BestCosme_Award_1': '@cosmeベストコスメアワード2023 殿堂入り', 'BestCosme_Award_2': '@cosmeベストコスメアワード2022 ベストマルチパレット 第1位', 'BestCosme_Award_3': '@cosmeベストコスメアワード2021 ベストマルチパレット 第1位', 'BestCosme_Award_4': '@cosmeベストコスメアワード2020 ベストマルチパレット 第2位'}",メイクアップキット・パレットランキング 1位
10171849,資生堂インターナショナル,クレ・ド・ポー ボーテ,スキンケア・基礎化粧品 > 乳液・美容液など > 乳液 > 日焼け対策・UVケア > 日焼け止め・UVケア(顔用),,
10171962,カネボウ化粧品,ルナソル,メイクアップ > アイシャドウ > パウダーアイシャドウ,"{'BestCosme_Award_1': '@cosmeベストコスメアワード2024 ベストアイシャドウパレット 第1位', 'BestCosme_Award_2': '@cosmeベストコスメアワード2024 価格別賞 ハイプライス部門 アイシャドウ 第1位', 'BestCosme_Award_3': '@cosmeベストコスメアワード2023 ベストアイシャドウパレット 第1位', 'BestCosme_Award_4': '@cosmeベストコスメアワード2023 価格別賞 ハイプライス部門 アイシャドウ 第1位', 'BestCosme_Award_5': '@cosmeベストコスメアワード2022 ベストアイシャドウパレット 第3位'}",パウダーアイシャドウランキング 2位
10103837,ハウス オブ ローゼ ホームプロダクツ,ビーハニー,スキンケア・基礎化粧品 > 目元・口元スペシャルケア > リップケア・リップクリーム,,
10210539,Torriden,Torriden (トリデン),スキンケア・基礎化粧品 > パック・フェイスマスク > シートマスク・パック,{'BestCosme_Award_1': '@cosmeベストコスメアワード2024 ベストシートマスク 第3位'},シートマスク・パックランキング 3位
336361,M・A・C,M・A・C,メイクアップ > チーク > パウダーチーク > メイクアップ > アイシャドウ > パウダーアイシャドウ > ベースメイク > フェイスパウダー > プレストパウダー,"{'BestCosme_Award_1': '@cosmeベストコスメアワード2022 ベストハイライト 第2位', 'BestCosme_Award_2': '@cosmeベストコスメアワード2021 ベストハイライト 第1位', 'BestCosme_Award_3': '@cosmeベストコスメアワード2020 ベストハイライト・シェーディング 第2位', 'BestCosme_Award_4': '@cosmeベストコスメアワード2019 ベストハイライト・シェーディング 第2位', 'BestCosme_Award_5': '@cosmeベストコスメアワード2018 ベストハイライト・シェーディング 第2位', 'BestCosme_Award_6': '@cosmeベストコスメアワード2016 ベストチーク 第1位'}",ハイライトランキング 5位
10183582,シロク,Ｎ organic(エヌオーガニック),スキンケア・基礎化粧品 > 乳液・美容液など > 美容液 > スキンケア・基礎化粧品 > 目元・口元スペシャルケア > アイケア・アイクリーム,,アイケア・アイクリームランキング 3位
10218608,資生堂,エリクシール,スキンケア・基礎化粧品 > 乳液・美容液など > 乳液 > ベースメイク > 化粧下地・コンシーラー > 化粧下地 > 日焼け対策・UVケア > 日焼け止め・UVケア(顔用),,
10203940,常盤薬品工業,なめらか本舗,スキンケア・基礎化粧品 > 洗顔料 > 洗顔フォーム,,
10225868,伊勢半,ヒロインメイク,スキンケア・基礎化粧品 > 目元・口元スペシャルケア > まつげ美容液,{'BestCosme_Award_1': '@cosmeベストコスメアワード2024 ベストまつげ美容液 第3位'},まつげ美容液ランキング 2位
10098628,常盤薬品工業,エクセル,メイクアップ > アイシャドウ > パウダーアイシャドウ,"{'BestCosme_Award_1': '@cosmeベストコスメアワード2020 殿堂入り', 'BestCosme_Award_2': '@cosmeベストコスメアワード2019 総合 第2位', 'BestCosme_Award_3': '@cosmeベストコスメアワード2019 ベストアイシャドウ 第1位', 'BestCosme_Award_4': '@cosmeベストコスメアワード2018 ベストアイシャドウ 第1位', 'BestCosme_Award_5': '@cosmeベストコスメアワード2017 ベストアイシャドウ 第2位', 'BestCosme_Award_6': '@cosmeベストコスメアワード2016 ベストアイシャドウ 第2位'}",パウダーアイシャドウランキング 5位
10254267,VIVAWAVE,hince,メイクアップ > 口紅・グロス・リップライナー > 口紅 > メイクアップ > 口紅・グロス・リップライナー > リップグロス > スキンケア・基礎化粧品 > 目元・口元スペシャルケア > リップケア・リップクリーム,,ティントランキング 5位
10233098,資生堂,マキアージュ,ベースメイク > 化粧下地・コンシーラー > 化粧下地,"{'BestCosme_Award_1': '@cosmeベストコスメアワード2024 価格別賞 ロープライス部門 化粧下地 第1位', 'BestCosme_Award_2': '@cosmeベストコスメアワード2023 価格別賞 ロープライス部門 化粧下地 第1位', 'BestCosme_Award_3': '@cosmeベストコスメアワード2023 上半期新作ベスト化粧下地 第1位', 'BestCosme_Award_4': '@cosmeベストコスメアワード2023 上半期新作コスメ 価格別賞 ロープライス部門 化粧下地 第1位', 'BestCosme_Award_5': '@cosmeベストコスメアワード2023 @cosme STORE 上半期新作ベストヒット賞 総合 第3位'}",化粧下地ランキング 13位
2892367,NAOS JAPAN,ビオデルマ,スキンケア・基礎化粧品 > クレンジング > リキッドクレンジング,{'BestCosme_Award_1': '2012年@cosmeベストコスメ大賞 クレンジング・洗顔部門 第3位'},リキッドクレンジングランキング 1位
10239434,セザンヌ化粧品,セザンヌ,メイクアップ > チーク > パウダーチーク,"{'BestCosme_Award_1': '@cosmeベストコスメアワード2024 ベストチーク 第1位', 'BestCosme_Award_2': '@cosmeベストコスメアワード2024 価格別賞 ロープライス部門 チーク 第1位', 'BestCosme_Award_3': '@cosmeベストコスメアワード2023 下半期チーク新人賞'}",パウダーチークランキング 1位
10251401,資生堂インターナショナル,クレ・ド・ポー ボーテ,ベースメイク > フェイスパウダー > プレストパウダー,"{'BestCosme_Award_1': '@cosmeベストコスメアワード2024 ベストパウダー 第2位', 'BestCosme_Award_2': '@cosmeベストコスメアワード2024 上半期新作ベストパウダー 第2位', 'BestCosme_Award_3': '@cosmeベストコスメアワード2024 @cosme SHOPPING 上半期新作ベストヒット賞 総合 第3位'}",プレストパウダーランキング 3位
10250435,第一三共ヘルスケア,トランシーノ,スキンケア・基礎化粧品 > 洗顔料 > その他洗顔料,"{'BestCosme_Award_1': '@cosmeベストコスメアワード2024 上半期新作ベスト洗顔料 第2位', 'BestCosme_Award_2': '@cosmeベストコスメアワード2024 上半期新作コスメ 価格別賞 ロープライス部門 洗顔料 第1位'}",その他洗顔料ランキング 11位
10218741,パルファン・クリスチャン・ディオール,ディオール,ベースメイク > 化粧下地・コンシーラー > 化粧下地 > 日焼け対策・UVケア > 日焼け止め・UVケア(顔用),"{'BestCosme_Award_1': '@cosmeベストコスメアワード2024 ベストBB・CCクリーム 第2位', 'BestCosme_Award_2': '@cosmeベストコスメアワード2023 ベストBB・CCクリーム 第2位', 'BestCosme_Award_3': '@cosmeベストコスメアワード2022 ベストBBクリーム 第1位', 'BestCosme_Award_4': '@cosmeベストコスメアワード2022 上半期新作ベストBBクリーム 第1位'}",BBクリームランキング 1位
10206864,カネボウ化粧品,suisai,スキンケア・基礎化粧品 > 洗顔料 > 洗顔パウダー,{'BestCosme_Award_1': '@cosmeベストコスメアワード2021 下半期洗顔料新人賞'},洗顔パウダーランキング 6位
10264951,アユーラ ラボラトリーズ,アユーラ,スキンケア・基礎化粧品 > パック・フェイスマスク > シートマスク・パック,,シートマスク・パックランキング 19位
10256092,カネボウ化粧品,ルナソル,メイクアップ > アイシャドウ > パウダーアイシャドウ,,パウダーアイシャドウランキング 8位
10193873,伊勢半,ヒロインメイク,メイクアップ > アイライナー > リキッドアイライナー,{'BestCosme_Award_1': '@cosmeベストコスメアワード2024 ベストアイライナー 第2位'},リキッドアイライナーランキング 5位
10253664,ナーズ ジャパン,NARS,メイクアップ > チーク > パウダーチーク,"{'BestCosme_Award_1': '@cosmeベストコスメアワード2024 ベストチーク 第3位', 'BestCosme_Award_2': '@cosmeベストコスメアワード2024 下半期チーク新人賞', 'BestCosme_Award_3': '@cosmeベストコスメアワード2024 @cosme SHOPPING ベストヒット賞 下半期新人賞 第1位'}",パウダーチークランキング 4位
10010460,ピエール ファーブル ジャポン,アベンヌ,スキンケア・基礎化粧品 > 化粧水 > ミスト状化粧水,{'BestCosme_Award_1': '@cosmeベストコスメアワード2014 ベスト化粧水 第3位'},ミスト状化粧水ランキング 8位
10235225,花王,ビオレ,スキンケア・基礎化粧品 > 洗顔料 > 洗顔フォーム,,
10250514,資生堂,アクアレーベル,スキンケア・基礎化粧品 > 化粧水 > 化粧水,,
10204197,セザンヌ化粧品,セザンヌ,ベースメイク > 化粧下地・コンシーラー > 化粧下地 > 日焼け対策・UVケア > 日焼け止め・UVケア(顔用),,
10203718,資生堂,ベネフィーク,スキンケア・基礎化粧品 > 化粧水 > 化粧水 > スキンケア・基礎化粧品 > パック・フェイスマスク > ゴマージュ・ピーリング > スキンケア・基礎化粧品 > 化粧水 > ブースター・導入液,"{'BestCosme_Award_1': '@cosmeベストコスメアワード2024 ベスト拭き取り化粧水 第2位', 'BestCosme_Award_2': '@cosmeベストコスメアワード2023 ベスト拭き取り化粧水 第2位', 'BestCosme_Award_3': '@cosmeベストコスメアワード2022 ベストブースター 第2位', 'BestCosme_Award_4': '@cosmeベストコスメアワード2021 ベストブースター 第1位', 'BestCosme_Award_5': '@cosmeベストコスメアワード2021 上半期新作ベスト化粧水 第1位', 'BestCosme_Award_6': '@cosmeベストコスメアワード2021 @cosme STORE 上半期新作ベストヒット賞 総合', 'BestCosme_Award_7': '@cosmeベストコスメアワード2021 @cosme STORE 上半期新作ベストヒット賞 スキンケア 第1位'}",拭き取り化粧水ランキング 1位
10216256,Dr.ルルルン,ルルルン,スキンケア・基礎化粧品 > パック・フェイスマスク > シートマスク・パック,,
10256922,カネボウ化粧品,ルナソル,メイクアップ > アイシャドウ > パウダーアイシャドウ,,パウダーアイシャドウランキング 4位
10258100,パルファム ジバンシイ〔LVMHフレグランスブランズ〕,ジバンシイ,ベースメイク > フェイスパウダー > ルースパウダー,{'BestCosme_Award_1': '@cosmeベストコスメアワード2024 下半期パウダー新人賞'},ルースパウダーランキング 2位
10261108,M・A・C,M・A・C,ベースメイク > 化粧下地・コンシーラー > コンシーラー,,コンシーラーランキング 4位
10088581,第一三共ヘルスケア,ミノン,ベースメイク > 化粧下地・コンシーラー > 化粧下地 > 日焼け対策・UVケア > 日焼け止め・UVケア(顔用),,
2877405,タカミ,タカミ,スキンケア・基礎化粧品 > パック・フェイスマスク > ゴマージュ・ピーリング > スキンケア・基礎化粧品 > 化粧水 > ブースター・導入液,"{'BestCosme_Award_1': '@cosmeベストコスメアワード2023 殿堂入り', 'BestCosme_Award_2': '@cosmeベストコスメアワード2022 ベストブースター 第1位', 'BestCosme_Award_3': '@cosmeベストコスメアワード2022 価格別賞 ミドルプライス部門 美容液・ブースター 第1位', 'BestCosme_Award_4': '@cosmeベストコスメアワード2021 ベストブースター 第2位', 'BestCosme_Award_5': '@cosmeベストコスメアワード2019 ベスト角質ケア 第1位', 'BestCosme_Award_6': '@cosmeベストコスメアワード2018 ベスト角質ケア 第2位', 'BestCosme_Award_7': '@cosmeベストコスメアワード2017 ベスト角質ケア 第2位'}",ゴマージュ・ピーリングランキング 2位
10235007,NAOS JAPAN,ビオデルマ,スキンケア・基礎化粧品 > クレンジング > ポイントメイクリムーバー,,ポイントメイクリムーバーランキング 6位
10256344,TIRTIR,TIRTIR,メイクアップ > 口紅・グロス・リップライナー > 口紅 > メイクアップ > 口紅・グロス・リップライナー > リップグロス > スキンケア・基礎化粧品 > 目元・口元スペシャルケア > リップケア・リップクリーム,,ティントランキング 3位
10170524,花王,キュレル,スキンケア・基礎化粧品 > 目元・口元スペシャルケア > リップケア・リップクリーム,{'BestCosme_Award_1': '@cosmeベストコスメアワード2021 ベストリップケア 第3位'},
10257456,ドクターケイ,ドクターケイ,スキンケア・基礎化粧品 > 洗顔料 > 洗顔フォーム > スキンケア・基礎化粧品 > パック・フェイスマスク > ゴマージュ・ピーリング,{'BestCosme_Award_1': '@cosmeベストコスメアワード2024 下半期洗顔料新人賞'},ゴマージュ・ピーリングランキング 1位
10262655,コーセー,ヴィセ,メイクアップ > 口紅・グロス・リップライナー > リップグロス > スキンケア・基礎化粧品 > 目元・口元スペシャルケア > リップケア・リップクリーム > コフレ・キット・セット > メイクアップキット・パレット,,メイクアップキット・パレットランキング 4位
10237089,松山油脂,肌をうるおす保湿スキンケア,スキンケア・基礎化粧品 > 化粧水 > 化粧水,,
10203168,井田ラボラトリーズ,キャンメイク,スキンケア・基礎化粧品 > 目元・口元スペシャルケア > リップケア・リップクリーム,"{'BestCosme_Award_1': '@cosmeベストコスメアワード2023 ベストリップケア 第3位', 'BestCosme_Award_2': '@cosmeベストコスメアワード2022 ベストリップケア 第1位', 'BestCosme_Award_3': '@cosmeベストコスメアワード2021 ベストリップケア 第2位', 'BestCosme_Award_4': '@cosmeベストコスメアワード2021 上半期新作コスメ 総合大賞', 'BestCosme_Award_5': '@cosmeベストコスメアワード2021 上半期新作ベストリップケア 第1位'}",リップケア・リップクリームランキング 8位
10249229,富士フイルム,クレスク by アスタリフト,スキンケア・基礎化粧品 > 洗顔料 > 洗顔フォーム,,洗顔フォームランキング 14位
10242252,資生堂,イハダ,スキンケア・基礎化粧品 > 洗顔料 > その他洗顔料 > スキンケア・基礎化粧品 > クレンジング > ミルククレンジング,,ミルククレンジングランキング 4位
10266098,成和インターナショナル,クリアデイズ,スキンケア・基礎化粧品 > その他スキンケア > その他スキンケア,,スリーピングマスク・パックランキング 11位
10235552,Rainmakers,Wonjungyo,メイクアップ > アイシャドウ > ジェル・クリームアイシャドウ,"{'BestCosme_Award_1': '@cosmeベストコスメアワード2024 ベスト涙袋・二重メイク 第1位', 'BestCosme_Award_2': '@cosmeベストコスメアワード2023 ベスト涙袋・二重メイク 第2位', 'BestCosme_Award_3': '@cosmeベストコスメアワード2023 上半期新作ベスト涙袋・二重メイク 第1位'}",ジェル・クリームアイシャドウランキング 2位
10250522,資生堂,アネッサ,ベースメイク > 化粧下地・コンシーラー > 化粧下地 > 日焼け対策・UVケア > 日焼け止め・UVケア(顔用) > 日焼け対策・UVケア > 日焼け止め・UVケア(ボディ用),{'BestCosme_Award_1': '@cosmeベストコスメアワード2024 上半期新作ベスト日焼け止め 第3位'},日焼け止め・UVケア(ボディ用)ランキング 5位
10197314,カネボウ化粧品,KANEBO,スキンケア・基礎化粧品 > 乳液・美容液など > フェイスクリーム > ベースメイク > 化粧下地・コンシーラー > 化粧下地 > 日焼け対策・UVケア > 日焼け止め・UVケア(顔用),"{'BestCosme_Award_1': '@cosmeベストコスメアワード2024 ベストフェイスクリーム 第1位', 'BestCosme_Award_2': '@cosmeベストコスメアワード2024 価格別賞 ハイプライス部門 フェイスクリーム 第1位', 'BestCosme_Award_3': '@cosmeベストコスメアワード2023 ベストフェイスクリーム 第2位', 'BestCosme_Award_4': '@cosmeベストコスメアワード2022 ベストフェイスクリーム 第3位'}",日焼け止め・UVケア(顔用)ランキング 1位
10251536,シュウ ウエムラ,シュウ ウエムラ,スキンケア・基礎化粧品 > クレンジング > オイルクレンジング,"{'BestCosme_Award_1': '@cosmeベストコスメアワード2024 上半期新作ベストクレンジング 第3位', 'BestCosme_Award_2': '@cosmeベストコスメアワード2024 上半期新作コスメ 価格別賞 ハイプライス部門 クレンジング 第1位'}",オイルクレンジングランキング 6位
10207382,チャコット,Chacott COSMETICS(チャコット・コスメティクス),スキンケア・基礎化粧品 > クレンジング > リキッドクレンジング,,リキッドクレンジングランキング 2位
10212986,ファンケル,ファンケル,スキンケア・基礎化粧品 > クレンジング > オイルクレンジング,"{'BestCosme_Award_1': '@cosmeベストコスメアワード2023 ベストクレンジング 第2位', 'BestCosme_Award_2': '@cosmeベストコスメアワード2022 ベストクレンジング 第3位', 'BestCosme_Award_3': '@cosmeベストコスメアワード2022 上半期新作コスメ 総合大賞', 'BestCosme_Award_4': '@cosmeベストコスメアワード2022 上半期新作ベストクレンジング 第1位', 'BestCosme_Award_5': '@cosmeベストコスメアワード2022 上半期新作コスメ 価格別賞 ロープライス部門 クレンジング 第1位'}",オイルクレンジングランキング 3位
10256630,Torriden,Torriden (トリデン),スキンケア・基礎化粧品 > パック・フェイスマスク > シートマスク・パック,{'BestCosme_Award_1': '@cosmeベストコスメアワード2024 下半期シートマスク新人賞'},シートマスク・パックランキング 5位
10217124,ファンケル,ファンケル,スキンケア・基礎化粧品 > 洗顔料 > 洗顔フォーム,,洗顔フォームランキング 13位
10098857,ロート製薬,オバジ,スキンケア・基礎化粧品 > 目元・口元スペシャルケア > リップケア・リップクリーム,,リップケア・リップクリームランキング 6位
10007846,花王,キュレル,スキンケア・基礎化粧品 > 目元・口元スペシャルケア > リップケア・リップクリーム,"{'BestCosme_Award_1': '@cosmeベストコスメアワード2020 ベストリップケア 第3位', 'BestCosme_Award_2': '@cosmeベストコスメアワード2019 ベストリップケア 第3位', 'BestCosme_Award_3': '@cosmeベストコスメアワード2018 ベストリップケア 第3位', 'BestCosme_Award_4': '@cosmeベストコスメアワード2015 ベストリップケア 第1位', 'BestCosme_Award_5': '@cosmeベストコスメアワード2014 ベストリップケア 第1位'}",リップケア・リップクリームランキング 11位
10262064,Aiロボティクス,Yunth,スキンケア・基礎化粧品 > 洗顔料 > 洗顔フォーム,,
10233483,パルファン・クリスチャン・ディオール,ディオール,メイクアップ > 口紅・グロス・リップライナー > リップグロス > スキンケア・基礎化粧品 > 目元・口元スペシャルケア > リップケア・リップクリーム,"{'BestCosme_Award_1': '@cosmeベストコスメアワード2024 ベストリキッドルージュ 第1位', 'BestCosme_Award_2': '@cosmeベストコスメアワード2023 ベストリキッドルージュ 第1位', 'BestCosme_Award_3': '@cosmeベストコスメアワード2023 価格別賞 ハイプライス部門 リップ 第1位', 'BestCosme_Award_4': '@cosmeベストコスメアワード2023 上半期新作コスメ 総合大賞', 'BestCosme_Award_5': '@cosmeベストコスメアワード2023 上半期新作ベストリキッドルージュ 第1位', 'BestCosme_Award_6': '@cosmeベストコスメアワード2023 上半期新作コスメ 価格別賞 ハイプライス部門 リップ 第1位', 'BestCosme_Award_7': '@cosmeベストコスメアワード2023 @cosme SHOPPING 上半期新作ベストヒット賞 総合 第1位', 'BestCosme_Award_8': '@cosmeベストコスメアワード2023 @cosme STORE 上半期新作ベストヒット賞 総合 第2位'}",リップケア・リップクリームランキング 1位
10252466,ニベア花王,ニベア,スキンケア・基礎化粧品 > 洗顔料 > 洗顔フォーム > スキンケア・基礎化粧品 > パック・フェイスマスク > 洗い流すパック・マスク,,洗い流すパック・マスクランキング 1位
10177957,F&CO,BANILA CO,スキンケア・基礎化粧品 > クレンジング > その他クレンジング,,その他クレンジングランキング 5位
10250520,資生堂,アネッサ,ベースメイク > 化粧下地・コンシーラー > 化粧下地 > 日焼け対策・UVケア > 日焼け止め・UVケア(顔用) > 日焼け対策・UVケア > 日焼け止め・UVケア(ボディ用),"{'BestCosme_Award_1': '@cosmeベストコスメアワード2024 ベスト日焼け止め 第3位', 'BestCosme_Award_2': '@cosmeベストコスメアワード2024 上半期新作ベスト日焼け止め 第1位', 'BestCosme_Award_3': '@cosmeベストコスメアワード2024 上半期新作コスメ 価格別賞 ミドルプライス部門 日焼け止め 第1位'}",日焼け止め・UVケア(ボディ用)ランキング 2位
10144487,資生堂,イハダ,スキンケア・基礎化粧品 > 化粧水 > 化粧水,,化粧水ランキング 19位
10259138,資生堂インターナショナル,クレ・ド・ポー ボーテ,スキンケア・基礎化粧品 > 乳液・美容液など > 美容液,,美容液ランキング 13位
10259998,ロート製薬,エピステーム,スキンケア・基礎化粧品 > 目元・口元スペシャルケア > アイケア・アイクリーム,,アイケア・アイクリームランキング 5位
10218022,資生堂,マキアージュ,ベースメイク > ファンデーション > リキッドファンデーション,"{'BestCosme_Award_1': '@cosmeベストコスメアワード2024 価格別賞 ミドルプライス部門 ファンデーション 第1位', 'BestCosme_Award_2': '@cosmeベストコスメアワード2023 価格別賞 ミドルプライス部門 ファンデーション 第1位', 'BestCosme_Award_3': '@cosmeベストコスメアワード2022 価格別賞 ミドルプライス部門 ファンデーション 第1位', 'BestCosme_Award_4': '@cosmeベストコスメアワード2022 上半期新作ベストリキッドファンデ 第2位', 'BestCosme_Award_5': '@cosmeベストコスメアワード2022 上半期新作コスメ 価格別賞 ミドルプライス部門 ファンデーション 第1位'}",リキッドファンデーションランキング 9位
10239473,ナーズ ジャパン,NARS,メイクアップ > チーク > ジェル・クリームチーク,"{'BestCosme_Award_1': '@cosmeベストコスメアワード2024 ベストチーク 第2位', 'BestCosme_Award_2': '@cosmeベストコスメアワード2024 価格別賞 ハイプライス部門 チーク 第1位'}",ジェル・クリームチークランキング 3位
10264698,コーセーコスメニエンス,コーセーコスメニエンス,スキンケア・基礎化粧品 > 化粧水 > ミスト状化粧水,,フィックスミストランキング 3位
334671,P＆Gプレステージ,SK-II,スキンケア・基礎化粧品 > クレンジング > オイルクレンジング,,オイルクレンジングランキング 16位
10250314,ナリス化粧品,ナリスアップ,ベースメイク > 化粧下地・コンシーラー > 化粧下地 > 日焼け対策・UVケア > 日焼け止め・UVケア(顔用) > 日焼け対策・UVケア > 日焼け止め・UVケア(ボディ用),,日焼け止め・UVケア(ボディ用)ランキング 7位
10234175,コスメデコルテ,コスメデコルテ,ベースメイク > 化粧下地・コンシーラー > 化粧下地 > 日焼け対策・UVケア > 日焼け止め・UVケア(顔用),"{'BestCosme_Award_1': '@cosmeベストコスメアワード2024 ベストBB・CCクリーム 第1位', 'BestCosme_Award_2': '@cosmeベストコスメアワード2023 ベストBB・CCクリーム 第1位', 'BestCosme_Award_3': '@cosmeベストコスメアワード2023 上半期新作ベストBB・CCクリーム 第1位', 'BestCosme_Award_4': '@cosmeベストコスメアワード2023 @cosme STORE 上半期新作ベストヒット賞 総合 第1位'}",CCクリームランキング 1位
10198546,ディー・アップ,D-UP(ディーアップ),メイクアップ > アイライナー > リキッドアイライナー,"{'BestCosme_Award_1': '@cosmeベストコスメアワード2024 ベストアイライナー 第1位', 'BestCosme_Award_2': '@cosmeベストコスメアワード2024 価格別賞 ロープライス部門 アイライナー 第1位', 'BestCosme_Award_3': '@cosmeベストコスメアワード2023 ベストアイライナー 第2位', 'BestCosme_Award_4': '@cosmeベストコスメアワード2022 ベストアイライナー 第3位'}",リキッドアイライナーランキング 2位
10260664,The Founders,Anua,スキンケア・基礎化粧品 > パック・フェイスマスク > シートマスク・パック,,シートマスク・パックランキング 17位
10231678,アクセーヌ,アクセーヌ,ベースメイク > 化粧下地・コンシーラー > コンシーラー > スキンケア・基礎化粧品 > その他スキンケア > その他スキンケア,,
10254107,BENOW,fwee(フィー),メイクアップ > 口紅・グロス・リップライナー > リップグロス,{'BestCosme_Award_1': '@cosmeベストコスメアワード2024 下半期リップ新人賞'},リップグロスランキング 1位
10217471,TIRTIR,TIRTIR,ベースメイク > ファンデーション > リキッドファンデーション > ベースメイク > ファンデーション > その他ファンデーション,"{'BestCosme_Award_1': '@cosmeベストコスメアワード2024 ベストクッションファンデ 第2位', 'BestCosme_Award_2': '@cosmeベストコスメアワード2024 価格別賞 ロープライス部門 ファンデーション 第1位', 'BestCosme_Award_3': '@cosmeベストコスメアワード2023 ベストクッションファンデ 第1位', 'BestCosme_Award_4': '@cosmeベストコスメアワード2023 価格別賞 ロープライス部門 ファンデーション 第1位', 'BestCosme_Award_5': '@cosmeベストコスメアワード2022 ベストクッションファンデ 第2位', 'BestCosme_Award_6': '@cosmeベストコスメアワード2022 価格別賞 ロープライス部門 ファンデーション 第1位', 'BestCosme_Award_7': '@cosmeベストコスメアワード2022 上半期新作ベストクッションファンデ 第1位', 'BestCosme_Award_8': '@cosmeベストコスメアワード2022 上半期新作コスメ 価格別賞 ロープライス部門 ファンデーション 第1位', 'BestCosme_Award_9': '@cosmeベストコスメアワード2022 @cosme STORE 上半期新作ベストヒット賞 総合 第2位'}",その他ファンデーションランキング 2位
10248398,カネボウ化粧品,ケイト,メイクアップ > アイシャドウ > パウダーアイシャドウ,"{'BestCosme_Award_1': '@cosmeベストコスメアワード2024 価格別賞 ロープライス部門 アイシャドウ 第1位', 'BestCosme_Award_2': '@cosmeベストコスメアワード2024 上半期新作ベストアイシャドウパレット 第1位', 'BestCosme_Award_3': '@cosmeベストコスメアワード2024 上半期新作コスメ 価格別賞 ロープライス部門 アイシャドウ 第1位'}",パウダーアイシャドウランキング 7位
10262255,常盤薬品工業,エクセル,ベースメイク > フェイスパウダー > ルースパウダー,,ルースパウダーランキング 3位
10219599,オルビス,オルビス,スキンケア・基礎化粧品 > 洗顔料 > 洗顔フォーム,,
10253003,花王,ビオレ,スキンケア・基礎化粧品 > その他スキンケア > その他スキンケア > 美容グッズ・美容家電 > スキンケアグッズ > その他スキンケアグッズ,,その他スキンケアランキング 17位
10233050,iFAMILYSC,rom&nd,メイクアップ > 口紅・グロス・リップライナー > 口紅 > スキンケア・基礎化粧品 > 目元・口元スペシャルケア > リップケア・リップクリーム,"{'BestCosme_Award_1': '@cosmeベストコスメアワード2024 ベストリップスティック 第3位', 'BestCosme_Award_2': '@cosmeベストコスメアワード2024 価格別賞 ロープライス部門 リップ 第1位', 'BestCosme_Award_3': '@cosmeベストコスメアワード2023 上半期新作ベストリップスティック 第2位'}",口紅ランキング 14位
10257489,BENOW,ナンバーズイン(numbuzin),スキンケア・基礎化粧品 > その他スキンケア > その他スキンケア,,その他スキンケアランキング 11位
10224914,MTG,ReFa,ボディケア・オーラルケア > その他ボディケア > その他ボディケア > スキンケア・基礎化粧品 > その他スキンケア > その他スキンケア > 美容グッズ・美容家電 > ボディグッズ > ボディ・バスグッズ,,ボディ・バスグッズランキング 6位
10166106,カネボウ化粧品,ルナソル,スキンケア・基礎化粧品 > 洗顔料 > その他洗顔料,"{'BestCosme_Award_1': '@cosmeベストコスメアワード2020 ベスト洗顔料 第3位', 'BestCosme_Award_2': '@cosmeベストコスメアワード2019 上半期新作 ベスト洗顔料 第1位'}",その他洗顔料ランキング 7位
10209076,資生堂インターナショナル,クレ・ド・ポー ボーテ,スキンケア・基礎化粧品 > 洗顔料 > 洗顔フォーム,"{'BestCosme_Award_1': '@cosmeベストコスメアワード2024 価格別賞 ハイプライス部門 洗顔料 第1位', 'BestCosme_Award_2': '@cosmeベストコスメアワード2023 価格別賞 ハイプライス部門 洗顔料 第1位', 'BestCosme_Award_3': '@cosmeベストコスメアワード2022 価格別賞 ハイプライス部門 洗顔料 第1位'}",洗顔フォームランキング 15位
10259630,シュウ ウエムラ,シュウ ウエムラ,ベースメイク > ファンデーション > リキッドファンデーション,,リキッドファンデーションランキング 7位
10228908,Rainmakers,Wonjungyo,メイクアップ > マスカラ > マスカラ,"{'BestCosme_Award_1': '@cosmeベストコスメアワード2024 ベストマスカラ 第1位', 'BestCosme_Award_2': '@cosmeベストコスメアワード2024 価格別賞 ロープライス部門 マスカラ 第1位'}",マスカラランキング 2位
10254887,ロート製薬,オバジ,スキンケア・基礎化粧品 > 洗顔料 > 洗顔パウダー,,洗顔パウダーランキング 4位
10259227,コスメデコルテ,コスメデコルテ,スキンケア・基礎化粧品 > 化粧水 > 化粧水 > スキンケア・基礎化粧品 > 乳液・美容液など > フェイスオイル・バーム > スキンケア・基礎化粧品 > 乳液・美容液など > オールインワン化粧品,{'BestCosme_Award_1': '@cosmeベストコスメアワード2024 下半期化粧水新人賞'},オールインワン化粧品ランキング 1位
10241101,カネボウ化粧品,KANEBO,スキンケア・基礎化粧品 > クレンジング > クレンジングクリーム,,クレンジングクリームランキング 7位
10224846,オルビス,オルビス,スキンケア・基礎化粧品 > 洗顔料 > 洗顔フォーム,,
10237751,コーセー,ONE BY KOSE,スキンケア・基礎化粧品 > クレンジング > オイルクレンジング,,オイルクレンジングランキング 5位
10242392,上海橘宜化粧品,JUDYDOLL,ベースメイク > フェイスパウダー > プレストパウダー,,シェーディングランキング 6位
10124096,伊勢半,ヒロインメイク,スキンケア・基礎化粧品 > クレンジング > ポイントメイクリムーバー,"{'BestCosme_Award_1': '@cosmeベストコスメアワード2024 ベストクレンジング 第2位', 'BestCosme_Award_2': '@cosmeベストコスメアワード2023 ベストクレンジング 第1位', 'BestCosme_Award_3': '@cosmeベストコスメアワード2023 価格別賞 ロープライス部門 クレンジング 第1位', 'BestCosme_Award_4': '@cosmeベストコスメアワード2022 ベストクレンジング 第1位', 'BestCosme_Award_5': '@cosmeベストコスメアワード2022 価格別賞 ロープライス部門 クレンジング 第1位', 'BestCosme_Award_6': '@cosmeベストコスメアワード2021 ベストクレンジング 第3位', 'BestCosme_Award_7': '@cosmeベストコスメアワード2017 上半期新作 ベストクレンジング 第2位'}",ポイントメイクリムーバーランキング 1位
10214242,MTG,ReFa,ボディケア・オーラルケア > その他ボディケア > その他ボディケア > スキンケア・基礎化粧品 > その他スキンケア > その他スキンケア > 美容グッズ・美容家電 > ボディグッズ > ボディ・バスグッズ,,ボディ・バスグッズランキング 9位
2898151,成和インターナショナル,太陽のアロエ社,スキンケア・基礎化粧品 > その他スキンケア > その他スキンケア,"{'BestCosme_Award_1': '2008年@cosmeベストコスメ大賞 ジェル・美容液部門 第3位', 'BestCosme_Award_2': '2007年@cosmeベストコスメ大賞 ジェル・美容液部門 第1位'}",
10205611,ステラシード,ステラシード,スキンケア・基礎化粧品 > 洗顔料 > 洗顔パウダー,,洗顔パウダーランキング 7位
10260087,イヴ・サンローラン・ボーテ,イヴ・サンローラン,メイクアップ > 口紅・グロス・リップライナー > 口紅 > スキンケア・基礎化粧品 > 目元・口元スペシャルケア > リップケア・リップクリーム,,ティントランキング 1位
10171370,常盤薬品工業,なめらか本舗,スキンケア・基礎化粧品 > 目元・口元スペシャルケア > アイケア・アイクリーム,"{'BestCosme_Award_1': '@cosmeベストコスメアワード2024 ベストアイケア 第3位', 'BestCosme_Award_2': '@cosmeベストコスメアワード2023 ベストアイケア 第2位', 'BestCosme_Award_3': '@cosmeベストコスメアワード2022 ベストアイケア 第1位', 'BestCosme_Award_4': '@cosmeベストコスメアワード2022 価格別賞 ロープライス部門 アイケア・まつげ美容液 第1位', 'BestCosme_Award_5': '@cosmeベストコスメアワード2021 ベストアイケア 第2位'}",アイケア・アイクリームランキング 4位
10256165,カネボウ化粧品,ミラノコレクション,ベースメイク > フェイスパウダー > プレストパウダー,,プレストパウダーランキング 9位
10253384,コスメデコルテ,コスメデコルテ,スキンケア・基礎化粧品 > 洗顔料 > 洗顔フォーム,,洗顔フォームランキング 19位
10263875,ドクターケイ,ドクターケイ,スキンケア・基礎化粧品 > 目元・口元スペシャルケア > リップケア・リップクリーム,,リップケア・リップクリームランキング 14位
10256034,アルビオン,アルビオン,ベースメイク > フェイスパウダー > プレストパウダー > スキンケア・基礎化粧品 > その他スキンケア > その他スキンケア,,
10201766,資生堂インターナショナル,d プログラム,スキンケア・基礎化粧品 > 乳液・美容液など > 美容液 > ベースメイク > 化粧下地・コンシーラー > 化粧下地 > 日焼け対策・UVケア > 日焼け止め・UVケア(顔用) > スキンケア・基礎化粧品 > その他スキンケア > その他スキンケア,,
10230024,コーセー,ヴィセ,メイクアップ > 口紅・グロス・リップライナー > リップグロス > スキンケア・基礎化粧品 > 目元・口元スペシャルケア > リップケア・リップクリーム,"{'BestCosme_Award_1': '@cosmeベストコスメアワード2024 ベストリップケア 第1位', 'BestCosme_Award_2': '@cosmeベストコスメアワード2023 ベストリップケア 第1位', 'BestCosme_Award_3': '@cosmeベストコスメアワード2023 上半期新作コスメ 総合 第2位', 'BestCosme_Award_4': '@cosmeベストコスメアワード2023 上半期新作ベストリップケア 第1位', 'BestCosme_Award_5': '@cosmeベストコスメアワード2023 上半期新作コスメ 価格別賞 ロープライス部門 リップケア 第1位', 'BestCosme_Award_6': '@cosmeベストコスメアワード2023 @cosme SHOPPING 上半期新作ベストヒット賞 総合 第3位'}",リップグロスランキング 3位
10256676,エキップ,SUQQU(スック),メイクアップ > チーク > パウダーチーク,,ハイライトランキング 2位
10192336,アモーレパシフィックジャパン,AESTURA,スキンケア・基礎化粧品 > 乳液・美容液など > フェイスクリーム,,フェイスクリームランキング 12位
10226333,資生堂,エリクシール,スキンケア・基礎化粧品 > 化粧水 > 化粧水,"{'BestCosme_Award_1': '@cosmeベストコスメアワード2023 ベスト化粧水 第1位', 'BestCosme_Award_2': '@cosmeベストコスメアワード2023 価格別賞 ミドルプライス部門 化粧水 第1位'}",化粧水ランキング 11位
10265327,パルファム ジバンシイ〔LVMHフレグランスブランズ〕,ジバンシイ,ベースメイク > ファンデーション > リキッドファンデーション,,リキッドファンデーションランキング 5位
10145634,ラ ロッシュ ポゼ,ラ ロッシュ ポゼ,スキンケア・基礎化粧品 > 乳液・美容液など > 乳液 > ベースメイク > 化粧下地・コンシーラー > 化粧下地 > 日焼け対策・UVケア > 日焼け止め・UVケア(顔用),"{'BestCosme_Award_1': '@cosmeベストコスメアワード2021 ベスト化粧下地 第3位', 'BestCosme_Award_2': '@cosmeベストコスメアワード2020 ベスト化粧下地 第2位', 'BestCosme_Award_3': '@cosmeベストコスメアワード2019 ベスト化粧下地 第2位'}",日焼け止め・UVケア(顔用)ランキング 15位
10235156,マルマンH&B,ピュレア,スキンケア・基礎化粧品 > パック・フェイスマスク > シートマスク・パック,{'BestCosme_Award_1': '@cosmeベストコスメアワード2023 上半期新作ベストシートマスク 第3位'},
10239308,BENOW,ナンバーズイン(numbuzin),スキンケア・基礎化粧品 > 乳液・美容液など > 美容液,,韓国コスメランキング 18位
10240603,資生堂,アクアレーベル,スキンケア・基礎化粧品 > 乳液・美容液など > オールインワン化粧品,{'BestCosme_Award_1': '@cosmeベストコスメアワード2024 価格別賞 ロープライス部門 フェイスクリーム 第1位'},オールインワン化粧品ランキング 3位
10263023,The Founders,Anua,スキンケア・基礎化粧品 > 乳液・美容液など > 美容液 > スキンケア・基礎化粧品 > 化粧水 > ブースター・導入液,,ブースター・導入液ランキング 8位
10157926,コスメデコルテ,コスメデコルテ,スキンケア・基礎化粧品 > パック・フェイスマスク > シートマスク・パック,,シートマスク・パックランキング 16位
10257961,アリエルトレーディング,FEMMUE（ファミュ）,スキンケア・基礎化粧品 > パック・フェイスマスク > シートマスク・パック,,
10257925,ゲラン,ゲラン,スキンケア・基礎化粧品 > 洗顔料 > 洗顔フォーム,,
10251773,資生堂,HAKU,スキンケア・基礎化粧品 > 乳液・美容液など > 美容液 > ベースメイク > 化粧下地・コンシーラー > 化粧下地 > 日焼け対策・UVケア > 日焼け止め・UVケア(顔用),,
10242515,資生堂,エリクシール,スキンケア・基礎化粧品 > 乳液・美容液など > フェイスクリーム > スキンケア・基礎化粧品 > 目元・口元スペシャルケア > アイケア・アイクリーム,{'BestCosme_Award_1': '@cosmeベストコスメアワード2024 ベストアイケア 第1位'},アイケア・アイクリームランキング 1位
10155153,セザンヌ化粧品,セザンヌ,メイクアップ > アイライナー > リキッドアイライナー > メイクアップ > アイブロウ > その他アイブロウ,"{'BestCosme_Award_1': '@cosmeベストコスメアワード2024 殿堂入り', 'BestCosme_Award_2': '@cosmeベストコスメアワード2023 ベスト涙袋・二重メイク 第1位', 'BestCosme_Award_3': '@cosmeベストコスメアワード2022 ベスト涙袋・二重メイク 第1位', 'BestCosme_Award_4': '@cosmeベストコスメアワード2021 ベスト二重・涙袋ライナー 第2位'}",その他アイブロウランキング 1位
10161713,資生堂,イハダ,スキンケア・基礎化粧品 > その他スキンケア > その他スキンケア > 日用品 > ヘルスケア > その他ヘルスケア > その他ヘルスケア,,その他ヘルスケアランキング 2位
10135760,資生堂フィティット,マジョリカ マジョルカ,スキンケア・基礎化粧品 > 目元・口元スペシャルケア > まつげ美容液,"{'BestCosme_Award_1': '@cosmeベストコスメアワード2022 殿堂入り', 'BestCosme_Award_2': '@cosmeベストコスメアワード2021 ベストまつげ美容液 第1位', 'BestCosme_Award_3': '@cosmeベストコスメアワード2020 ベストまつげ美容液 第1位', 'BestCosme_Award_4': '@cosmeベストコスメアワード2018 ベストまつげ美容液 第3位'}",まつげ美容液ランキング 1位
10253688,コーセー,ONE BY KOSE,スキンケア・基礎化粧品 > 乳液・美容液など > 美容液 > スキンケア・基礎化粧品 > パック・フェイスマスク > ゴマージュ・ピーリング,"{'BestCosme_Award_1': '@cosmeベストコスメアワード2024 ベストゴマージュ・ピーリング 第1位', 'BestCosme_Award_2': '@cosmeベストコスメアワード2024 下半期ピーリング新人賞'}",ゴマージュ・ピーリングランキング 10位
10236575,かならぼ,Fujiko（フジコ）,メイクアップ > アイブロウ > 眉マスカラ,"{'BestCosme_Award_1': '@cosmeベストコスメアワード2024 ベストアイブロウ 第3位', 'BestCosme_Award_2': '@cosmeベストコスメアワード2023 上半期新作ベストアイブロウ 第3位'}",眉マスカラランキング 3位
10251182,ロート製薬,オバジ,ベースメイク > 化粧下地・コンシーラー > 化粧下地 > 日焼け対策・UVケア > 日焼け止め・UVケア(顔用),"{'BestCosme_Award_1': '@cosmeベストコスメアワード2024 ベストBB・CCクリーム 第3位', 'BestCosme_Award_2': '@cosmeベストコスメアワード2024 上半期新作ベストBBクリーム 第1位'}",BBクリームランキング 2位
10233669,菊正宗酒造,菊正宗,スキンケア・基礎化粧品 > クレンジング > オイルクレンジング,,オイルクレンジングランキング 11位
2948884,井田ラボラトリーズ,キャンメイク,ベースメイク > フェイスパウダー > プレストパウダー,"{'BestCosme_Award_1': '@cosmeベストコスメアワード2024 ベストシェーディング 第2位', 'BestCosme_Award_2': '@cosmeベストコスメアワード2023 ベストシェーディング 第1位', 'BestCosme_Award_3': '@cosmeベストコスメアワード2022 価格別賞 ロープライス部門 ハイライト・シェーディング 第1位'}",シェーディングランキング 5位
2917919,花王,エスト,スキンケア・基礎化粧品 > クレンジング > ポイントメイクリムーバー,,ポイントメイクリムーバーランキング 8位
10264644,カネボウ化粧品,KANEBO,メイクアップ > 口紅・グロス・リップライナー > 口紅,,口紅ランキング 7位
10261600,コーセーコスメニエンス,コーセーコスメニエンス,スキンケア・基礎化粧品 > 化粧水 > ミスト状化粧水,,フィックスミストランキング 6位
10135460,ナリス化粧品,ナリスアップ,スキンケア・基礎化粧品 > 化粧水 > 化粧水 > スキンケア・基礎化粧品 > 洗顔料 > その他洗顔料 > スキンケア・基礎化粧品 > パック・フェイスマスク > ゴマージュ・ピーリング > スキンケア・基礎化粧品 > 化粧水 > ブースター・導入液,"{'BestCosme_Award_1': '@cosmeベストコスメアワード2024 ベスト拭き取り化粧水 第3位', 'BestCosme_Award_2': '@cosmeベストコスメアワード2023 ベスト拭き取り化粧水 第3位'}",拭き取り化粧水ランキング 3位
10198590,The Founders,Anua,スキンケア・基礎化粧品 > 化粧水 > 化粧水,,化粧水ランキング 17位
273212,花王,キュレル,スキンケア・基礎化粧品 > その他スキンケア > その他スキンケア > ボディケア・オーラルケア > その他ボディケア > デオドラント・制汗剤 > 美容グッズ・美容家電 > スキンケアグッズ > その他スキンケアグッズ,,デオドラント・制汗剤ランキング 16位
10238553,花王,キュレル,スキンケア・基礎化粧品 > 化粧水 > 化粧水,{'BestCosme_Award_1': '@cosmeベストコスメアワード2023 下半期化粧水新人賞'},
10257601,コスメデコルテ,コスメデコルテ,ベースメイク > ファンデーション > リキッドファンデーション,"{'BestCosme_Award_1': '@cosmeベストコスメアワード2024 下半期ファンデーション新人賞', 'BestCosme_Award_2': '@cosmeベストコスメアワード2024 @cosme STORE ベストヒット賞 下半期新人賞 第3位'}",リキッドファンデーションランキング 3位
10231708,クオリティファースト,ダーマレーザー,スキンケア・基礎化粧品 > パック・フェイスマスク > シートマスク・パック,,
10262178,ファンケル,ファンケル,スキンケア・基礎化粧品 > 洗顔料 > その他洗顔料,,その他洗顔料ランキング 1位
10115724,ニベア花王,ニベア,スキンケア・基礎化粧品 > 目元・口元スペシャルケア > リップケア・リップクリーム,"{'BestCosme_Award_1': '@cosmeベストコスメアワード2020 ベストリップケア 第2位', 'BestCosme_Award_2': '@cosmeベストコスメアワード2019 ベストリップケア 第1位', 'BestCosme_Award_3': '@cosmeベストコスメアワード2018 ベストリップケア 第2位', 'BestCosme_Award_4': '@cosmeベストコスメアワード2017 ベストリップケア 第3位', 'BestCosme_Award_5': '@cosmeベストコスメアワード2016 スキンケア新人賞'}",
10189359,VT COSMETICS,VT(ブイティー),スキンケア・基礎化粧品 > パック・フェイスマスク > シートマスク・パック,"{'BestCosme_Award_1': '@cosmeベストコスメアワード2023 ベストシートマスク 第3位', 'BestCosme_Award_2': '@cosmeベストコスメアワード2023 価格別賞 ロープライス部門 シートマスク 第1位', 'BestCosme_Award_3': '@cosmeベストコスメアワード2022 ベストシートマスク 第1位', 'BestCosme_Award_4': '@cosmeベストコスメアワード2021 ベストシートマスク 第1位', 'BestCosme_Award_5': '@cosmeベストコスメアワード2021 @cosme STORE ベストヒット賞 総合 第1位', 'BestCosme_Award_6': '@cosmeベストコスメアワード2020 上半期新作ベストシートマスク・パック 第2位'}",シートマスク・パックランキング 13位
10210569,カネボウ化粧品,KANEBO,スキンケア・基礎化粧品 > クレンジング > クレンジングクリーム,,クレンジングクリームランキング 4位
10156818,ナリス化粧品,ナリスアップ,スキンケア・基礎化粧品 > 化粧水 > 化粧水 > スキンケア・基礎化粧品 > 洗顔料 > その他洗顔料 > スキンケア・基礎化粧品 > パック・フェイスマスク > ゴマージュ・ピーリング > スキンケア・基礎化粧品 > 化粧水 > ブースター・導入液,,拭き取り化粧水ランキング 5位
10209147,資生堂インターナショナル,クレ・ド・ポー ボーテ,スキンケア・基礎化粧品 > クレンジング > その他クレンジング,,その他クレンジングランキング 1位
10188648,資生堂インターナショナル,クレ・ド・ポー ボーテ,ベースメイク > 化粧下地・コンシーラー > 化粧下地,"{'BestCosme_Award_1': '@cosmeベストコスメアワード2024 殿堂入り', 'BestCosme_Award_2': '@cosmeベストコスメアワード2024 @cosme SHOPPING ベストヒット賞 総合 第1位', 'BestCosme_Award_3': '@cosmeベストコスメアワード2023 ベスト化粧下地 第1位', 'BestCosme_Award_4': '@cosmeベストコスメアワード2023 価格別賞 ハイプライス部門 化粧下地 第1位', 'BestCosme_Award_5': '@cosmeベストコスメアワード2022 ベスト化粧下地 第1位', 'BestCosme_Award_6': '@cosmeベストコスメアワード2022 価格別賞 ハイプライス部門 化粧下地 第1位'}",化粧下地ランキング 1位
10258808,シロク,Ｎ organic(エヌオーガニック),スキンケア・基礎化粧品 > 乳液・美容液など > 美容液,,
10211113,Pharma Research,リジュラン,スキンケア・基礎化粧品 > パック・フェイスマスク > シートマスク・パック,,
10184095,カネボウ化粧品,KANEBO,スキンケア・基礎化粧品 > 洗顔料 > 洗顔フォーム,{'BestCosme_Award_1': '@cosmeベストコスメアワード2020 上半期新作ベスト洗顔料 第2位'},洗顔フォームランキング 11位
10172350,DECIEM Beauty Group,The Ordinary,スキンケア・基礎化粧品 > 乳液・美容液など > 美容液,"{'BestCosme_Award_1': '@cosmeベストコスメアワード2024 下半期美容液新人賞', 'BestCosme_Award_2': '@cosmeベストコスメアワード2024 @cosme SHOPPING ベストヒット賞 下半期新人賞 第3位', 'BestCosme_Award_3': '@cosmeベストコスメアワード2024 @cosme STORE ベストヒット賞 下半期新人賞 第1位'}",美容液ランキング 16位
10247900,カネボウ化粧品,KANEBO,メイクアップ > 口紅・グロス・リップライナー > 口紅,"{'BestCosme_Award_1': '@cosmeベストコスメアワード2024 ベストリップスティック 第1位', 'BestCosme_Award_2': '@cosmeベストコスメアワード2024 価格別賞 ハイプライス部門 リップ 第1位', 'BestCosme_Award_3': '@cosmeベストコスメアワード2024 上半期新作ベストリップスティック 第1位', 'BestCosme_Award_4': '@cosmeベストコスメアワード2024 上半期新作コスメ 価格別賞 ハイプライス部門 リップ 第1位', 'BestCosme_Award_5': '@cosmeベストコスメアワード2024 @cosme STORE 上半期新作ベストヒット賞 総合 第3位'}",口紅ランキング 2位
10226041,カネボウ化粧品,suisai,スキンケア・基礎化粧品 > 洗顔料 > 洗顔パウダー,,洗顔パウダーランキング 3位
10255710,クラランス,クラランス,スキンケア・基礎化粧品 > 化粧水 > ミスト状化粧水,{'BestCosme_Award_1': '@cosmeベストコスメアワード2024 下半期フィックスミスト新人賞'},フィックスミストランキング 2位
10173734,魔女工場,manyo,スキンケア・基礎化粧品 > クレンジング > オイルクレンジング,,オイルクレンジングランキング 12位
10232080,オルビス,オルビス,日焼け対策・UVケア > 日焼け止め・UVケア(顔用),"{'BestCosme_Award_1': '@cosmeベストコスメアワード2024 ベスト日焼け止め 第1位', 'BestCosme_Award_2': '@cosmeベストコスメアワード2024 価格別賞 ミドルプライス部門 日焼け止め 第1位', 'BestCosme_Award_3': '@cosmeベストコスメアワード2023 ベスト日焼け止め 第3位', 'BestCosme_Award_4': '@cosmeベストコスメアワード2023 価格別賞 ミドルプライス部門 日焼け止め 第1位', 'BestCosme_Award_5': '@cosmeベストコスメアワード2023 上半期新作ベスト日焼け止め 第1位', 'BestCosme_Award_6': '@cosmeベストコスメアワード2023 上半期新作コスメ 価格別賞 ミドルプライス部門 日焼け止め 第1位'}",日焼け止め・UVケア(顔用)ランキング 9位
10181425,資生堂インターナショナル,d プログラム,スキンケア・基礎化粧品 > 洗顔料 > 洗顔フォーム,"{'BestCosme_Award_1': '@cosmeベストコスメアワード2024 ベスト洗顔料 第1位', 'BestCosme_Award_2': '@cosmeベストコスメアワード2024 価格別賞 ミドルプライス部門 洗顔料 第1位', 'BestCosme_Award_3': '@cosmeベストコスメアワード2023 ベスト洗顔料 第3位'}",洗顔フォームランキング 3位
10250558,カネボウ化粧品,suisai,スキンケア・基礎化粧品 > 洗顔料 > 洗顔パウダー > スキンケア・基礎化粧品 > パック・フェイスマスク > ゴマージュ・ピーリング,{'BestCosme_Award_1': '@cosmeベストコスメアワード2024 上半期新作ベスト洗顔料 第3位'},洗顔パウダーランキング 5位
10211367,アユーラ ラボラトリーズ,アユーラ,スキンケア・基礎化粧品 > その他スキンケア > その他スキンケア,,
10172790,井田ラボラトリーズ,キャンメイク,スキンケア・基礎化粧品 > クレンジング > ポイントメイクリムーバー,,ポイントメイクリムーバーランキング 4位
10251452,コーセーコスメニエンス,コーセーコスメニエンス,スキンケア・基礎化粧品 > 化粧水 > ミスト状化粧水,"{'BestCosme_Award_1': '@cosmeベストコスメアワード2024 ベストフィックスミスト 第1位', 'BestCosme_Award_2': '@cosmeベストコスメアワード2024 上半期新作ベストフィックスミスト 第1位'}",フィックスミストランキング 1位
10257960,OLIVE INTERNATIONAL,milktouch,スキンケア・基礎化粧品 > パック・フェイスマスク > シートマスク・パック,,
2888366,クリニーク ラボラトリーズ,クリニーク,ベースメイク > フェイスパウダー > ルースパウダー > スキンケア・基礎化粧品 > その他スキンケア > その他スキンケア,,
10212194,ミシャ ジャパン,A’pieu（アピュー）,ベースメイク > 化粧下地・コンシーラー > 化粧下地 > スキンケア・基礎化粧品 > その他スキンケア > その他スキンケア,,その他スキンケアランキング 14位
10236357,クラブコスメチックス,クラブ,ベースメイク > フェイスパウダー > プレストパウダー > スキンケア・基礎化粧品 > その他スキンケア > その他スキンケア,,
10204445,コスメデコルテ,コスメデコルテ,ベースメイク > 化粧下地・コンシーラー > コンシーラー,"{'BestCosme_Award_1': '@cosmeベストコスメアワード2024 ベストコンシーラー 第3位', 'BestCosme_Award_2': '@cosmeベストコスメアワード2023 ベストコンシーラー 第2位', 'BestCosme_Award_3': '@cosmeベストコスメアワード2022 ベストコンシーラー 第1位', 'BestCosme_Award_4': '@cosmeベストコスメアワード2022 価格別賞 ハイプライス部門 コンシーラー 第1位', 'BestCosme_Award_5': '@cosmeベストコスメアワード2021 ベストコンシーラー 第3位', 'BestCosme_Award_6': '@cosmeベストコスメアワード2021 上半期新作ベストコンシーラー 第1位'}",コンシーラーランキング 3位
10206485,カネボウ化粧品,ケイト,メイクアップ > 口紅・グロス・リップライナー > 口紅,"{'BestCosme_Award_1': '@cosmeベストコスメアワード2023 殿堂入り', 'BestCosme_Award_2': '@cosmeベストコスメアワード2023 @cosme STORE ベストヒット賞 総合 第3位', 'BestCosme_Award_3': '@cosmeベストコスメアワード2022 総合大賞', 'BestCosme_Award_4': '@cosmeベストコスメアワード2022 ベストリップスティック 第1位', 'BestCosme_Award_5': '@cosmeベストコスメアワード2022 価格別賞 ロープライス部門 リップ 第1位', 'BestCosme_Award_6': '@cosmeベストコスメアワード2022 @cosme SHOPPING ベストヒット賞 総合 第3位', 'BestCosme_Award_7': '@cosmeベストコスメアワード2021 総合第3位', 'BestCosme_Award_8': '@cosmeベストコスメアワード2021 ベストリップスティック 第1位', 'BestCosme_Award_9': '@cosmeベストコスメアワード2021 下半期リップ新人賞', 'BestCosme_Award_10': '@cosmeベストコスメアワード2021 @cosme SHOPPING ベストヒット賞 下半期新人賞 第1位'}",口紅ランキング 1位
2914355,エテュセ,エテュセ,スキンケア・基礎化粧品 > 目元・口元スペシャルケア > リップケア・リップクリーム,"{'BestCosme_Award_1': '2012年@cosmeベストコスメ大賞 殿堂入り', 'BestCosme_Award_2': '2011年@cosmeベストコスメ大賞 リップケア部門 第1位', 'BestCosme_Award_3': '2010年@cosmeベストコスメ大賞 リップケア部門 第1位', 'BestCosme_Award_4': '2009年@cosmeベストコスメ大賞 リップケア部門 第2位'}",リップケア・リップクリームランキング 16位
10256652,Fraser Research Labs.,soaddicted,スキンケア・基礎化粧品 > 目元・口元スペシャルケア > まつげ美容液,,まつげ美容液ランキング 5位
10221176,花王,SOFINA iP,スキンケア・基礎化粧品 > 洗顔料 > その他洗顔料 > スキンケア・基礎化粧品 > パック・フェイスマスク > ゴマージュ・ピーリング,"{'BestCosme_Award_1': '@cosmeベストコスメアワード2024 ベスト洗い流すパック・マスク 第1位', 'BestCosme_Award_2': '@cosmeベストコスメアワード2023 ベスト洗い流すパック・マスク 第1位'}",その他洗顔料ランキング 3位
10212478,KIEHL’S SINCE 1851(キールズ),KIEHL’S SINCE 1851(キールズ),スキンケア・基礎化粧品 > 乳液・美容液など > 美容液,,美容液ランキング 19位
10196914,セザンヌ化粧品,セザンヌ,ベースメイク > 化粧下地・コンシーラー > 化粧下地 > 日焼け対策・UVケア > 日焼け止め・UVケア(顔用),,
10192563,SABON Japan(サボンジャパン),SABON(サボン),スキンケア・基礎化粧品 > 洗顔料 > 洗顔フォーム > スキンケア・基礎化粧品 > パック・フェイスマスク > ゴマージュ・ピーリング,"{'BestCosme_Award_1': '@cosmeベストコスメアワード2022 ベスト洗顔料 第2位', 'BestCosme_Award_2': '@cosmeベストコスメアワード2021 ベスト洗顔料 第1位', 'BestCosme_Award_3': '@cosmeベストコスメアワード2020 ベスト洗顔料 第2位', 'BestCosme_Award_4': '@cosmeベストコスメアワード2020 下半期洗顔料新人賞'}",ゴマージュ・ピーリングランキング 7位
10134334,ロート製薬,メンソレータム,スキンケア・基礎化粧品 > 目元・口元スペシャルケア > リップケア・リップクリーム,,
10240900,資生堂インターナショナル,SHISEIDO,ベースメイク > ファンデーション > リキッドファンデーション,"{'BestCosme_Award_1': '@cosmeベストコスメアワード2024 ベストリキッドファンデ 第1位', 'BestCosme_Award_2': '@cosmeベストコスメアワード2024 価格別賞 ハイプライス部門 ファンデーション 第1位', 'BestCosme_Award_3': '@cosmeベストコスメアワード2023 下半期ファンデーション新人賞'}",リキッドファンデーションランキング 1位
10218301,Clue,＆be(アンドビー),ベースメイク > 化粧下地・コンシーラー > 化粧下地 > 日焼け対策・UVケア > 日焼け止め・UVケア(顔用),"{'BestCosme_Award_1': '@cosmeベストコスメアワード2022 上半期新作ベスト化粧下地 第3位', 'BestCosme_Award_2': '@cosmeベストコスメアワード2022 上半期新作コスメ 価格別賞 ロープライス部門 化粧下地 第1位'}",
10220249,msh,msh(エム・エス・エイチ),メイクアップ > アイライナー > リキッドアイライナー,"{'BestCosme_Award_1': '@cosmeベストコスメアワード2024 殿堂入り', 'BestCosme_Award_2': '@cosmeベストコスメアワード2023 ベストアイライナー 第1位', 'BestCosme_Award_3': '@cosmeベストコスメアワード2023 価格別賞 ロープライス部門 アイライナー 第1位', 'BestCosme_Award_4': '@cosmeベストコスメアワード2022 ベストアイライナー 第1位', 'BestCosme_Award_5': '@cosmeベストコスメアワード2022 上半期新作ベストアイライナー 第1位', 'BestCosme_Award_6': '@cosmeベストコスメアワード2022 @cosme STORE 上半期新作ベストヒット賞 総合 第3位'}",リキッドアイライナーランキング 1位
10249729,カネボウ化粧品,KANEBO,スキンケア・基礎化粧品 > 化粧水 > 化粧水,"{'BestCosme_Award_1': '@cosmeベストコスメアワード2024 ベスト化粧水 第2位', 'BestCosme_Award_2': '@cosmeベストコスメアワード2024 上半期新作ベスト化粧水 第2位'}",化粧水ランキング 3位
10174223,資生堂,エリクシール,スキンケア・基礎化粧品 > 乳液・美容液など > 美容液,"{'BestCosme_Award_1': '@cosmeベストコスメアワード2020 ベスト美容液 第2位', 'BestCosme_Award_2': '@cosmeベストコスメアワード2020 上半期新作コスメ 総合 第3位', 'BestCosme_Award_3': '@cosmeベストコスメアワード2020 上半期新作ベスト美容液 第1位', 'BestCosme_Award_4': '@cosmeベストコスメアワード2020 @cosme STORE 上半期新作ベストヒット賞 スキンケア 第1位'}",美容液ランキング 17位
10057094,トム フォード ビューティ,トム フォード ビューティ,メイクアップ > アイシャドウ > パウダーアイシャドウ,"{'BestCosme_Award_1': '@cosmeベストコスメアワード2022 ベストアイシャドウパレット 第1位', 'BestCosme_Award_2': '@cosmeベストコスメアワード2022 価格別賞 ハイプライス部門 アイシャドウ 第1位', 'BestCosme_Award_3': '@cosmeベストコスメアワード2021 ベストアイシャドウパレット 第3位'}",パウダーアイシャドウランキング 3位
2954561,アンブリオリス・ジャパン,アンブリオリス,スキンケア・基礎化粧品 > 乳液・美容液など > フェイスクリーム > ベースメイク > 化粧下地・コンシーラー > 化粧下地 > スキンケア・基礎化粧品 > パック・フェイスマスク > マッサージ料 > スキンケア・基礎化粧品 > クレンジング > クレンジングクリーム,"{'BestCosme_Award_1': '@cosmeベストコスメアワード2020 ベストフェイスクリーム・ジェル 第3位', 'BestCosme_Award_2': '@cosmeベストコスメアワード2019 ベストクリーム・ジェル 第1位', 'BestCosme_Award_3': '@cosmeベストコスメアワード2018 ベストクリーム・オールインワン 第2位'}",クレンジングクリームランキング 3位
10201834,エキップ,SUQQU(スック),メイクアップ > アイシャドウ > パウダーアイシャドウ,"{'BestCosme_Award_1': '@cosmeベストコスメアワード2024 ベストアイシャドウパレット 第2位', 'BestCosme_Award_2': '@cosmeベストコスメアワード2021 上半期新作コスメ 総合 第2位', 'BestCosme_Award_3': '@cosmeベストコスメアワード2021 上半期新作ベストアイシャドウパレット 第1位'}",パウダーアイシャドウランキング 1位
10233381,カネボウ化粧品,KANEBO,ベースメイク > 化粧下地・コンシーラー > コンシーラー,"{'BestCosme_Award_1': '@cosmeベストコスメアワード2024 ベストコンシーラー 第2位', 'BestCosme_Award_2': '@cosmeベストコスメアワード2024 価格別賞 ミドルプライス部門 コンシーラー 第1位', 'BestCosme_Award_3': '@cosmeベストコスメアワード2023 価格別賞 ミドルプライス部門 コンシーラー 第1位', 'BestCosme_Award_4': '@cosmeベストコスメアワード2023 上半期新作ベストコンシーラー 第2位', 'BestCosme_Award_5': '@cosmeベストコスメアワード2023 上半期新作コスメ 価格別賞 ミドルプライス部門 コンシーラー 第1位'}",コンシーラーランキング 2位
10226116,第一三共ヘルスケア,ミノン,スキンケア・基礎化粧品 > クレンジング > クレンジングクリーム,,クレンジングクリームランキング 6位
10143624,タカミ,タカミ,スキンケア・基礎化粧品 > 目元・口元スペシャルケア > リップケア・リップクリーム,,リップケア・リップクリームランキング 10位
10205024,ロート製薬,肌ラボ,スキンケア・基礎化粧品 > 化粧水 > 化粧水,,化粧水ランキング 18位
10258105,エテュセ,エテュセ,ベースメイク > 化粧下地・コンシーラー > 化粧下地 > 日焼け対策・UVケア > 日焼け止め・UVケア(顔用),,
10236233,Dr.ルルルン,ルルルン,スキンケア・基礎化粧品 > パック・フェイスマスク > シートマスク・パック,,
10202273,富士フイルム,アスタリフト,スキンケア・基礎化粧品 > 乳液・美容液など > 美容液 > スキンケア・基礎化粧品 > 化粧水 > ブースター・導入液,{'BestCosme_Award_1': '@cosmeベストコスメアワード2021 上半期新作ベスト美容液 第2位'},ブースター・導入液ランキング 14位
10263374,新日本製薬,パーフェクトワン,スキンケア・基礎化粧品 > クレンジング > オイルクレンジング > スキンケア・基礎化粧品 > クレンジング > その他クレンジング,,その他クレンジングランキング 4位
10067406,RMK Division,RMK,スキンケア・基礎化粧品 > 乳液・美容液など > フェイスオイル・バーム > スキンケア・基礎化粧品 > パック・フェイスマスク > マッサージ料 > スキンケア・基礎化粧品 > 化粧水 > ブースター・導入液 > ハーブ・アロマ > ハーブ・アロマケア,"{'BestCosme_Award_1': '@cosmeベストコスメアワード2024 ベストオイル・バーム 第2位', 'BestCosme_Award_2': '@cosmeベストコスメアワード2023 ベストオイル・バーム 第1位', 'BestCosme_Award_3': '@cosmeベストコスメアワード2022 ベストオイル・バーム 第2位', 'BestCosme_Award_4': '@cosmeベストコスメアワード2020 ベストオイル・バーム 第3位'}",マッサージ料ランキング 1位
10219115,資生堂,イハダ,日焼け対策・UVケア > 日焼け止め・UVケア(顔用) > ベースメイク > フェイスパウダー > プレストパウダー,{'BestCosme_Award_1': '@cosmeベストコスメアワード2022 上半期新作ベストパウダー 第3位'},
10201410,ポーラ,リンクルショット,スキンケア・基礎化粧品 > 乳液・美容液など > 美容液 > スキンケア・基礎化粧品 > 目元・口元スペシャルケア > アイケア・アイクリーム,"{'BestCosme_Award_1': '@cosmeベストコスメアワード2023 ベストアイケア 第3位', 'BestCosme_Award_2': '@cosmeベストコスメアワード2022 ベストアイケア 第3位', 'BestCosme_Award_3': '@cosmeベストコスメアワード2021 ベストアイケア 第1位', 'BestCosme_Award_4': '@cosmeベストコスメアワード2021 上半期新作ベストアイケア 第1位'}",アイケア・アイクリームランキング 2位
10181423,資生堂インターナショナル,d プログラム,スキンケア・基礎化粧品 > クレンジング > オイルクレンジング,,オイルクレンジングランキング 20位
10226497,ナリス化粧品,ナリスアップ,スキンケア・基礎化粧品 > クレンジング > クレンジングクリーム,,クレンジングクリームランキング 2位
10259984,アモーレパシフィックジャパン,LANEIGE(ラネージュ),スキンケア・基礎化粧品 > 目元・口元スペシャルケア > リップケア・リップクリーム,,
10249711,常盤薬品工業,素肌記念日,ベースメイク > フェイスパウダー > プレストパウダー > スキンケア・基礎化粧品 > その他スキンケア > その他スキンケア,,その他スキンケアランキング 16位
10157971,セザンヌ化粧品,セザンヌ,メイクアップ > チーク > パウダーチーク,"{'BestCosme_Award_1': '@cosmeベストコスメアワード2021 殿堂入り', 'BestCosme_Award_2': '@cosmeベストコスメアワード2020 ベストハイライト・シェーディング 第1位', 'BestCosme_Award_3': '@cosmeベストコスメアワード2019 総合大賞', 'BestCosme_Award_4': '@cosmeベストコスメアワード2019 ベストハイライト・シェーディング 第1位'}",ハイライトランキング 4位
10250949,ポーラ,B.A,スキンケア・基礎化粧品 > 乳液・美容液など > フェイスクリーム > 日焼け対策・UVケア > 日焼け止め・UVケア(顔用),{'BestCosme_Award_1': '@cosmeベストコスメアワード2024 上半期新作コスメ 価格別賞 ハイプライス部門 日焼け止め 第1位'},
10242528,オルヴェオン グローバル ジャパン,ベアミネラル,ベースメイク > 化粧下地・コンシーラー > 化粧下地 > スキンケア・基礎化粧品 > その他スキンケア > その他スキンケア,,
10258046,コーセー,ONE BY KOSE,スキンケア・基礎化粧品 > 乳液・美容液など > 美容液,,美容液ランキング 6位
10203763,カネボウ化粧品,KANEBO,スキンケア・基礎化粧品 > クレンジング > オイルクレンジング,{'BestCosme_Award_1': '@cosmeベストコスメアワード2021 上半期新作ベストクレンジング 第1位'},オイルクレンジングランキング 10位
10262383,ロート製薬,メンソレータム,スキンケア・基礎化粧品 > 目元・口元スペシャルケア > リップケア・リップクリーム,,リップケア・リップクリームランキング 12位
10227810,牛乳石鹸共進社,カウブランド無添加,スキンケア・基礎化粧品 > クレンジング > オイルクレンジング,,オイルクレンジングランキング 18位
10243552,資生堂インターナショナル,SHISEIDO,スキンケア・基礎化粧品 > 乳液・美容液など > 美容液,"{'BestCosme_Award_1': '@cosmeベストコスメアワード2024 ベスト美容液 第1位', 'BestCosme_Award_2': '@cosmeベストコスメアワード2024 価格別賞 ハイプライス部門 美容液 第1位'}",美容液ランキング 4位
10165317,アモーレパシフィックジャパン,LANEIGE(ラネージュ),スキンケア・基礎化粧品 > 目元・口元スペシャルケア > リップケア・リップクリーム,{'BestCosme_Award_1': '@cosmeベストコスメアワード2024 ベストリップケア 第3位'},リップケア・リップクリームランキング 4位
4666,ヴェルジェ,シェルクルール,スキンケア・基礎化粧品 > パック・フェイスマスク > マッサージ料 > スキンケア・基礎化粧品 > クレンジング > クレンジングクリーム,"{'BestCosme_Award_1': '@cosmeベストコスメアワード2024 価格別賞 ミドルプライス部門 クレンジング 第1位', 'BestCosme_Award_2': '@cosmeベストコスメアワード2023 価格別賞 ミドルプライス部門 クレンジング 第1位', 'BestCosme_Award_3': '@cosmeベストコスメアワード2021 @cosme STORE ベストヒット賞 総合 第2位', 'BestCosme_Award_4': '@cosmeベストコスメアワード2020 @cosme STORE ベストヒット賞 スキンケア 第1位', 'BestCosme_Award_5': '@cosmeベストコスメアワード2019 @cosme STORE ベストヒット賞 スキンケア 第1位', 'BestCosme_Award_6': '@cosmeベストコスメアワード2017 @cosme STORE ベストヒット賞 第3位', 'BestCosme_Award_7': '2013年@cosmeベストコスメ大賞 アットコスメストア部門 第2位'}",クレンジングクリームランキング 1位
10217358,ニベア花王,ニベア,スキンケア・基礎化粧品 > クレンジング > オイルクレンジング,,オイルクレンジングランキング 14位
10258108,エテュセ,エテュセ,ベースメイク > フェイスパウダー > プレストパウダー > スキンケア・基礎化粧品 > その他スキンケア > その他スキンケア,,その他スキンケアランキング 1位
10246869,スタイリングライフ・ホールディングス BCL カンパニー,乾燥さん,ベースメイク > 化粧下地・コンシーラー > 化粧下地 > 日焼け対策・UVケア > 日焼け止め・UVケア(顔用) > スキンケア・基礎化粧品 > 乳液・美容液など > オールインワン化粧品,,オールインワン化粧品ランキング 5位
10261834,アンファー,DISM(ディズム),スキンケア・基礎化粧品 > 洗顔料 > 洗顔フォーム > スキンケア・基礎化粧品 > その他スキンケア > その他スキンケア,,
10210133,アモーレパシフィックジャパン,イニスフリー,ベースメイク > フェイスパウダー > ルースパウダー,"{'BestCosme_Award_1': '@cosmeベストコスメアワード2023 ベストパウダー 第3位', 'BestCosme_Award_2': '@cosmeベストコスメアワード2022 ベストパウダー 第2位', 'BestCosme_Award_3': '@cosmeベストコスメアワード2022 価格別賞 ロープライス部門 パウダー 第1位', 'BestCosme_Award_4': '@cosmeベストコスメアワード2021 下半期パウダー新人賞'}",ルースパウダーランキング 4位
10222192,BENOW,ナンバーズイン(numbuzin),スキンケア・基礎化粧品 > パック・フェイスマスク > シートマスク・パック,,シートマスク・パックランキング 11位
10215918,スタイリングライフ・ホールディングス BCL カンパニー,乾燥さん,ベースメイク > 化粧下地・コンシーラー > 化粧下地 > 日焼け対策・UVケア > 日焼け止め・UVケア(顔用) > スキンケア・基礎化粧品 > 乳液・美容液など > オールインワン化粧品,,オールインワン化粧品ランキング 2位
2935849,KIEHL’S SINCE 1851(キールズ),KIEHL’S SINCE 1851(キールズ),スキンケア・基礎化粧品 > 乳液・美容液など > フェイスクリーム,"{'BestCosme_Award_1': '@cosmeベストコスメアワード2023 ベストフェイスクリーム 第3位', 'BestCosme_Award_2': '@cosmeベストコスメアワード2023 価格別賞 ミドルプライス部門 フェイスクリーム 第1位', 'BestCosme_Award_3': '@cosmeベストコスメアワード2022 ベストフェイスクリーム 第1位', 'BestCosme_Award_4': '@cosmeベストコスメアワード2022 価格別賞 ミドルプライス部門 フェイスクリーム・ジェル 第1位', 'BestCosme_Award_5': '@cosmeベストコスメアワード2021 ベストフェイスクリーム 第1位', 'BestCosme_Award_6': '@cosmeベストコスメアワード2020 ベストフェイスクリーム・ジェル 第2位'}",フェイスクリームランキング 14位
10241176,常盤薬品工業,エクセル,ベースメイク > 化粧下地・コンシーラー > 化粧下地 > 日焼け対策・UVケア > 日焼け止め・UVケア(顔用),,
10262248,Dr.ルルルン,ルルルン,スキンケア・基礎化粧品 > パック・フェイスマスク > シートマスク・パック,,シートマスク・パックランキング 4位
10258896,セザンヌ化粧品,セザンヌ,メイクアップ > 口紅・グロス・リップライナー > リップライナー,,リップライナーランキング 1位
10231800,資生堂インターナショナル,SHISEIDO,スキンケア・基礎化粧品 > 化粧水 > 化粧水 > スキンケア・基礎化粧品 > 乳液・美容液など > 美容液,"{'BestCosme_Award_1': '@cosmeベストコスメアワード2024 価格別賞 ハイプライス部門 化粧水 第1位', 'BestCosme_Award_2': '@cosmeベストコスメアワード2023 価格別賞 ハイプライス部門 化粧水 第1位', 'BestCosme_Award_3': '@cosmeベストコスメアワード2023 上半期新作ベスト化粧水 第3位', 'BestCosme_Award_4': '@cosmeベストコスメアワード2023 上半期新作コスメ 価格別賞 ハイプライス部門 化粧水 第1位'}",美容液ランキング 5位
10247953,ランコム,ランコム,ベースメイク > ファンデーション > リキッドファンデーション,"{'BestCosme_Award_1': '@cosmeベストコスメアワード2024 ベストリキッドファンデ 第3位', 'BestCosme_Award_2': '@cosmeベストコスメアワード2024 上半期新作ベストリキッドファンデ 第1位', 'BestCosme_Award_3': '@cosmeベストコスメアワード2024 上半期新作コスメ 価格別賞 ハイプライス部門 ファンデーション 第1位'}",リキッドファンデーションランキング 6位
10205946,花王,ビオレ,スキンケア・基礎化粧品 > 洗顔料 > その他洗顔料 > スキンケア・基礎化粧品 > パック・フェイスマスク > マッサージ料,,マッサージ料ランキング 6位
10234106,資生堂,HAKU,スキンケア・基礎化粧品 > 乳液・美容液など > 美容液,{'BestCosme_Award_1': '@cosmeベストコスメアワード2024 ベスト美容液 第3位'},美容液ランキング 7位
10261516,常盤薬品工業,素肌記念日,ベースメイク > フェイスパウダー > プレストパウダー > スキンケア・基礎化粧品 > その他スキンケア > その他スキンケア,,
10243439,資生堂,エリクシール,スキンケア・基礎化粧品 > 乳液・美容液など > フェイスクリーム,,フェイスクリームランキング 13位
10241917,オルビス,オルビス,スキンケア・基礎化粧品 > 洗顔料 > 洗顔フォーム > スキンケア・基礎化粧品 > パック・フェイスマスク > ゴマージュ・ピーリング,{'BestCosme_Award_1': '@cosmeベストコスメアワード2024 ベスト洗顔料 第2位'},ゴマージュ・ピーリングランキング 5位
10250527,資生堂,アネッサ,ベースメイク > 化粧下地・コンシーラー > 化粧下地 > 日焼け対策・UVケア > 日焼け止め・UVケア(顔用) > 日焼け対策・UVケア > 日焼け止め・UVケア(ボディ用),,日焼け止め・UVケア(ボディ用)ランキング 9位
10201775,資生堂インターナショナル,d プログラム,ベースメイク > 化粧下地・コンシーラー > 化粧下地 > 日焼け対策・UVケア > 日焼け止め・UVケア(顔用) > スキンケア・基礎化粧品 > その他スキンケア > その他スキンケア,{'BestCosme_Award_1': '@cosmeベストコスメアワード2021 上半期新作ベストBBクリーム 第2位'},BBクリームランキング 5位
10248146,エキップ,SUQQU(スック),メイクアップ > 口紅・グロス・リップライナー > 口紅,{'BestCosme_Award_1': '@cosmeベストコスメアワード2024 上半期新作ベストリップスティック 第3位'},口紅ランキング 6位
10260029,ロート製薬,ケアセラ,スキンケア・基礎化粧品 > 乳液・美容液など > 乳液,,乳液ランキング 2位
10209809,コスメデコルテ,コスメデコルテ,スキンケア・基礎化粧品 > 乳液・美容液など > 美容液 > スキンケア・基礎化粧品 > 化粧水 > ブースター・導入液,"{'BestCosme_Award_1': '@cosmeベストコスメアワード2024 殿堂入り', 'BestCosme_Award_2': '@cosmeベストコスメアワード2024 @cosme SHOPPING ベストヒット賞 総合 第3位', 'BestCosme_Award_3': '@cosmeベストコスメアワード2024 @cosme STORE ベストヒット賞 総合 第1位', 'BestCosme_Award_4': '@cosmeベストコスメアワード2023 ベスト美容液 第1位', 'BestCosme_Award_5': '@cosmeベストコスメアワード2023 価格別賞 ハイプライス部門 美容液 第1位', 'BestCosme_Award_6': '@cosmeベストコスメアワード2023 @cosme STORE ベストヒット賞 総合 第1位', 'BestCosme_Award_7': '@cosmeベストコスメアワード2022 総合 第2位', 'BestCosme_Award_8': '@cosmeベストコスメアワード2022 ベスト美容液 第1位', 'BestCosme_Award_9': '@cosmeベストコスメアワード2022 価格別賞 ハイプライス部門 美容液・ブースター 第1位', 'BestCosme_Award_10': '@cosmeベストコスメアワード2022 @cosme STORE ベストヒット賞 総合 第2位', 'BestCosme_Award_11': '@cosmeベストコスメアワード2021 下半期美容液新人賞', 'BestCosme_Award_12': '@cosmeベストコスメアワード2021 @cosme SHOPPING ベストヒット賞 下半期新人賞 第3位', 'BestCosme_Award_13': '@cosmeベストコスメアワード2021 @cosme STORE ベストヒット賞 下半期新人賞 第1位'}",美容液ランキング 1位
10260117,花王,エスト,スキンケア・基礎化粧品 > 目元・口元スペシャルケア > リップケア・リップクリーム,,
10259166,伊勢半,ヘビーローテーション,メイクアップ > アイブロウ > 眉マスカラ,"{'BestCosme_Award_1': '@cosmeベストコスメアワード2024 下半期アイブロウ新人賞', 'BestCosme_Award_2': '@cosmeベストコスメアワード2024 @cosme STORE ベストヒット賞 下半期新人賞 第2位'}",眉マスカラランキング 2位
10252816,アンファー,スカルプDまつ毛美容液,スキンケア・基礎化粧品 > 目元・口元スペシャルケア > まつげ美容液,,まつげ美容液ランキング 6位
10265318,ラ ロッシュ ポゼ,ラ ロッシュ ポゼ,スキンケア・基礎化粧品 > 乳液・美容液など > 乳液 > ベースメイク > 化粧下地・コンシーラー > 化粧下地 > 日焼け対策・UVケア > 日焼け止め・UVケア(顔用),,乳液ランキング 18位
10229168,イミュ,ナチュリエ,スキンケア・基礎化粧品 > 化粧水 > 化粧水 > ボディケア・オーラルケア > デイリーボディケア > ボディローション・ミルク,"{'BestCosme_Award_1': '@cosmeベストコスメアワード2023 上半期新作ベスト化粧水 第2位', 'BestCosme_Award_2': '@cosmeベストコスメアワード2023 上半期新作コスメ 価格別賞 ロープライス部門 化粧水 第1位'}",ボディローション・ミルクランキング 4位
10217589,コスメデコルテ,コスメデコルテ,スキンケア・基礎化粧品 > 化粧水 > 化粧水,"{'BestCosme_Award_1': '@cosmeベストコスメアワード2023 ベスト化粧水 第3位', 'BestCosme_Award_2': '@cosmeベストコスメアワード2022 上半期新作ベスト化粧水 第1位', 'BestCosme_Award_3': '@cosmeベストコスメアワード2022 上半期新作コスメ 価格別賞 ミドルプライス部門 化粧水 第1位'}",化粧水ランキング 14位
10251887,The Founders,Anua,スキンケア・基礎化粧品 > パック・フェイスマスク > シートマスク・パック,,シートマスク・パックランキング 18位
10236053,ファンケル,ファンケル,スキンケア・基礎化粧品 > クレンジング > オイルクレンジング,,オイルクレンジングランキング 8位
10183017,ポップベリー,Today’s Cosme,スキンケア・基礎化粧品 > その他スキンケア > その他スキンケア,,
10017003,水橋保寿堂製薬,水橋保寿堂製薬,スキンケア・基礎化粧品 > 目元・口元スペシャルケア > まつげ美容液,"{'BestCosme_Award_1': '@cosmeベストコスメアワード2024 ベストまつげ美容液 第1位', 'BestCosme_Award_2': '@cosmeベストコスメアワード2023 ベストまつげ美容液 第2位'}",まつげ美容液ランキング 3位
10220604,マルマンH&B,ピュレア,スキンケア・基礎化粧品 > パック・フェイスマスク > シートマスク・パック,,シートマスク・パックランキング 15位
10225203,資生堂インターナショナル,クレ・ド・ポー ボーテ,スキンケア・基礎化粧品 > クレンジング > オイルクレンジング,,オイルクレンジングランキング 15位
10226606,ポーラ,B.A,スキンケア・基礎化粧品 > 目元・口元スペシャルケア > アイケア・アイクリーム,,アイケア・アイクリームランキング 9位
2895399,井田ラボラトリーズ,キャンメイク,メイクアップ > マスカラ > マスカラ > メイクアップ > マスカラ > マスカラ下地・トップコート,"{'BestCosme_Award_1': '@cosmeベストコスメアワード2014 殿堂入り', 'BestCosme_Award_2': '2013年@cosmeベストコスメ大賞 まつげ美容液・下地部門 第2位', 'BestCosme_Award_3': '2012年@cosmeベストコスメ大賞 まつげ美容液・下地部門 第1位', 'BestCosme_Award_4': '2010年@cosmeベストコスメ大賞 まつげ美容液・下地部門 第3位', 'BestCosme_Award_5': '2009年@cosmeベストコスメ大賞 マスカラ下地・美容液部門 第1位'}",マスカラ下地・トップコートランキング 2位
10218748,クオリティファースト,ダーマレーザー,スキンケア・基礎化粧品 > パック・フェイスマスク > シートマスク・パック,"{'BestCosme_Award_1': '@cosmeベストコスメアワード2023 ベストシートマスク 第1位', 'BestCosme_Award_2': '@cosmeベストコスメアワード2023 価格別賞 ミドルプライス部門 シートマスク 第1位'}",シートマスク・パックランキング 8位
10218845,花王,エスト,スキンケア・基礎化粧品 > 洗顔料 > その他洗顔料,"{'BestCosme_Award_1': '@cosmeベストコスメアワード2022 上半期新作ベスト洗顔料 第2位', 'BestCosme_Award_2': '@cosmeベストコスメアワード2022 上半期新作コスメ 価格別賞 ミドルプライス部門 洗顔料 第1位'}",その他洗顔料ランキング 4位
10203762,カネボウ化粧品,KANEBO,スキンケア・基礎化粧品 > 洗顔料 > 洗顔フォーム,"{'BestCosme_Award_1': '@cosmeベストコスメアワード2024 殿堂入り', 'BestCosme_Award_2': '@cosmeベストコスメアワード2024 @cosme STORE ベストヒット賞 総合 第3位', 'BestCosme_Award_3': '@cosmeベストコスメアワード2023 ベスト洗顔料 第1位', 'BestCosme_Award_4': '@cosmeベストコスメアワード2023 価格別賞 ミドルプライス部門 洗顔料 第1位', 'BestCosme_Award_5': '@cosmeベストコスメアワード2022 ベスト洗顔料 第1位', 'BestCosme_Award_6': '@cosmeベストコスメアワード2022 価格別賞 ミドルプライス部門 洗顔料 第1位', 'BestCosme_Award_7': '@cosmeベストコスメアワード2022 @cosme STORE ベストヒット賞 総合 第3位', 'BestCosme_Award_8': '@cosmeベストコスメアワード2021 ベスト洗顔料 第2位', 'BestCosme_Award_9': '@cosmeベストコスメアワード2021 上半期新作コスメ 総合 第3位', 'BestCosme_Award_10': '@cosmeベストコスメアワード2021 上半期新作ベスト洗顔料 第1位', 'BestCosme_Award_11': '@cosmeベストコスメアワード2021 @cosme STORE 上半期新作ベストヒット賞 スキンケア 第2位'}",洗顔フォームランキング 1位
10209663,ドクターケイ,ドクターケイ,スキンケア・基礎化粧品 > クレンジング > クレンジングジェル,,クレンジングジェルランキング 2位
10242325,シュウ ウエムラ,シュウ ウエムラ,スキンケア・基礎化粧品 > クレンジング > オイルクレンジング,"{'BestCosme_Award_1': '@cosmeベストコスメアワード2024 ベストクレンジング 第3位', 'BestCosme_Award_2': '@cosmeベストコスメアワード2024 価格別賞 ハイプライス部門 クレンジング 第1位', 'BestCosme_Award_3': '@cosmeベストコスメアワード2023 下半期クレンジング新人賞', 'BestCosme_Award_4': '@cosmeベストコスメアワード2023 価格別賞 ハイプライス部門 クレンジング 第1位', 'BestCosme_Award_5': '@cosmeベストコスメアワード2023 @cosme SHOPPING ベストヒット賞 下半期新人賞 第2位'}",オイルクレンジングランキング 2位
10248587,The Founders,Anua,スキンケア・基礎化粧品 > クレンジング > オイルクレンジング,,オイルクレンジングランキング 9位
10264676,P＆Gプレステージ,SK-II,スキンケア・基礎化粧品 > 乳液・美容液など > 美容液,,美容液ランキング 8位
10098498,コーセーコスメポート,ソフティモ,スキンケア・基礎化粧品 > クレンジング > ポイントメイクリムーバー,,ポイントメイクリムーバーランキング 7位
10146071,セザンヌ化粧品,セザンヌ,メイクアップ > アイブロウ > アイブロウペンシル,"{'BestCosme_Award_1': '@cosmeベストコスメアワード2024 殿堂入り', 'BestCosme_Award_2': '@cosmeベストコスメアワード2023 総合 第3位', 'BestCosme_Award_3': '@cosmeベストコスメアワード2023 ベストアイブロウ 第1位', 'BestCosme_Award_4': '@cosmeベストコスメアワード2023 価格別賞 ロープライス部門 アイブロウ 第1位', 'BestCosme_Award_5': '@cosmeベストコスメアワード2022 ベストアイブロウ 第2位', 'BestCosme_Award_6': '@cosmeベストコスメアワード2021 ベストアイブロウ 第2位', 'BestCosme_Award_7': '@cosmeベストコスメアワード2020 ベストアイブロウ 第1位', 'BestCosme_Award_8': '@cosmeベストコスメアワード2019 ベストアイブロウ 第2位', 'BestCosme_Award_9': '@cosmeベストコスメアワード2018 ベストアイブロウ 第2位', 'BestCosme_Award_10': '@cosmeベストコスメアワード2018 上半期新作 ベストアイブロウ 第2位'}",アイブロウペンシルランキング 1位
10230342,TIRTIR,TIRTIR,ベースメイク > 化粧下地・コンシーラー > 化粧下地 > 日焼け対策・UVケア > 日焼け止め・UVケア(顔用),{'BestCosme_Award_1': '@cosmeベストコスメアワード2023 上半期新作ベスト化粧下地 第3位'},日焼け止め・UVケア(顔用)ランキング 20位
10195792,第一三共ヘルスケア,ミノン,スキンケア・基礎化粧品 > 乳液・美容液など > フェイスオイル・バーム,,フェイスオイル・バームランキング 5位
10240271,魔女工場,manyo,スキンケア・基礎化粧品 > クレンジング > その他クレンジング,,その他クレンジングランキング 3位
4718,ピジョン,ピジョン,スキンケア・基礎化粧品 > その他スキンケア > その他スキンケア > ボディケア・オーラルケア > その他ボディケア > デオドラント・制汗剤,"{'BestCosme_Award_1': '@cosmeベストコスメアワード2018 ベストスキンケアパウダー 第3位', 'BestCosme_Award_2': '@cosmeベストコスメアワード2016 ベストスキンケアパウダー 第2位', 'BestCosme_Award_3': '@cosmeベストコスメアワード2015 ベストスキンケアパウダー 第1位', 'BestCosme_Award_4': '@cosmeベストコスメアワード2014 ベストボディケア 第2位', 'BestCosme_Award_5': '2005年@cosmeベストコスメ大賞 ボディケア部門 第2位'}",デオドラント・制汗剤ランキング 6位
10188481,クラブコスメチックス,クラブ,ベースメイク > フェイスパウダー > プレストパウダー > スキンケア・基礎化粧品 > その他スキンケア > その他スキンケア,{'BestCosme_Award_1': '@cosmeベストコスメアワード2020 上半期新作ベストパウダー 第3位'},
10251355,BENOW,ナンバーズイン(numbuzin),スキンケア・基礎化粧品 > 化粧水 > 化粧水,,
10202882,Torriden,Torriden (トリデン),スキンケア・基礎化粧品 > 乳液・美容液など > 美容液,,美容液ランキング 9位
10265098,コスメデコルテ,コスメデコルテ,メイクアップ > 口紅・グロス・リップライナー > 口紅,,口紅ランキング 3位
10165093,富士フイルム,アスタリフト,ベースメイク > 化粧下地・コンシーラー > 化粧下地 > 日焼け対策・UVケア > 日焼け止め・UVケア(顔用),,
10251246,SHIRORU,SHIRORU,スキンケア・基礎化粧品 > 洗顔料 > 洗顔フォーム > スキンケア・基礎化粧品 > パック・フェイスマスク > 洗い流すパック・マスク,,洗い流すパック・マスクランキング 4位
10265953,Torriden,Torriden (トリデン),コフレ・キット・セット > スキンケアキット > コフレ・キット・セット > トライアル・トラベルキット,,
10216255,Dr.ルルルン,ルルルン,スキンケア・基礎化粧品 > パック・フェイスマスク > シートマスク・パック,,シートマスク・パックランキング 20位
10229245,サンギ,HAP＋R(ハップアール),スキンケア・基礎化粧品 > パック・フェイスマスク > ゴマージュ・ピーリング,{'BestCosme_Award_1': '@cosmeベストコスメアワード2024 ベストゴマージュ・ピーリング 第2位'},ゴマージュ・ピーリングランキング 6位
10257921,エキップ,SUQQU(スック),ベースメイク > 化粧下地・コンシーラー > 化粧下地,,化粧下地ランキング 15位
10192570,SABON Japan(サボンジャパン),SABON(サボン),スキンケア・基礎化粧品 > 洗顔料 > 洗顔フォーム > スキンケア・基礎化粧品 > パック・フェイスマスク > ゴマージュ・ピーリング,,ゴマージュ・ピーリングランキング 15位
10254880,資生堂,ベネフィーク,スキンケア・基礎化粧品 > 化粧水 > 化粧水,,
10258465,資生堂インターナショナル,SHISEIDO,スキンケア・基礎化粧品 > 化粧水 > 化粧水,,
2944746,カバーマーク,カバーマーク,スキンケア・基礎化粧品 > クレンジング > ミルククレンジング,"{'BestCosme_Award_1': '@cosmeベストコスメアワード2022 価格別賞 ミドルプライス部門 クレンジング 第1位', 'BestCosme_Award_2': '@cosmeベストコスメアワード2020 ベストクレンジング 第3位', 'BestCosme_Award_3': '2013年@cosmeベストコスメ大賞 クレンジング・洗顔部門 第2位'}",ミルククレンジングランキング 2位
10248879,Torriden,Torriden (トリデン),スキンケア・基礎化粧品 > パック・フェイスマスク > シートマスク・パック,,シートマスク・パックランキング 9位
10235626,iFAMILYSC,rom&nd,メイクアップ > アイブロウ > 眉マスカラ,"{'BestCosme_Award_1': '@cosmeベストコスメアワード2024 総合 第3位', 'BestCosme_Award_2': '@cosmeベストコスメアワード2024 ベストアイブロウ 第1位', 'BestCosme_Award_3': '@cosmeベストコスメアワード2024 価格別賞 ロープライス部門 アイブロウ 第1位', 'BestCosme_Award_4': '@cosmeベストコスメアワード2023 ベストアイブロウ 第3位', 'BestCosme_Award_5': '@cosmeベストコスメアワード2023 下半期アイブロウ新人賞'}",眉マスカラランキング 1位
10266592,VT COSMETICS,VT(ブイティー),スキンケア・基礎化粧品 > その他スキンケア > その他スキンケア,,
10115042,カネボウ化粧品,KANEBO,スキンケア・基礎化粧品 > 乳液・美容液など > フェイスクリーム > ベースメイク > 化粧下地・コンシーラー > 化粧下地 > 日焼け対策・UVケア > 日焼け止め・UVケア(顔用),"{'BestCosme_Award_1': '@cosmeベストコスメアワード2022 ベストフェイスクリーム 第2位', 'BestCosme_Award_2': '@cosmeベストコスメアワード2022 価格別賞 ハイプライス部門 フェイスクリーム・ジェル 第1位', 'BestCosme_Award_3': '@cosmeベストコスメアワード2021 ベストフェイスクリーム 第2位', 'BestCosme_Award_4': '@cosmeベストコスメアワード2020 ベストフェイスクリーム・ジェル 第1位', 'BestCosme_Award_5': '@cosmeベストコスメアワード2020 @cosme SHOPPING ベストヒット賞 スキンケア 第3位'}",日焼け止め・UVケア(顔用)ランキング 10位
10127790,基礎化粧品研究所,KISO,スキンケア・基礎化粧品 > その他スキンケア > その他スキンケア,,
10195097,エスティ ローダー,エスティ ローダー,スキンケア・基礎化粧品 > 乳液・美容液など > 美容液,"{'BestCosme_Award_1': '@cosmeベストコスメアワード2023 ベスト美容液 第3位', 'BestCosme_Award_2': '@cosmeベストコスメアワード2022 ベスト美容液 第3位', 'BestCosme_Award_3': '@cosmeベストコスメアワード2021 ベスト美容液 第2位'}",美容液ランキング 14位
10204446,プレミアアンチエイジング,DUO(デュオ),スキンケア・基礎化粧品 > クレンジング > その他クレンジング > スキンケア・基礎化粧品 > パック・フェイスマスク > マッサージ料,,その他クレンジングランキング 6位
10243898,花王,SOFINA iP,スキンケア・基礎化粧品 > 化粧水 > 化粧水,"{'BestCosme_Award_1': '@cosmeベストコスメアワード2024 上半期新作ベスト化粧水 第1位', 'BestCosme_Award_2': '@cosmeベストコスメアワード2024 上半期新作コスメ 価格別賞 ミドルプライス部門 化粧水 第1位'}",化粧水ランキング 6位
10221825,アルビオン,アルビオン,スキンケア・基礎化粧品 > 化粧水 > 化粧水,"{'BestCosme_Award_1': '@cosmeベストコスメアワード2022 下半期化粧水新人賞', 'BestCosme_Award_2': '@cosmeベストコスメアワード2022 @cosme STORE ベストヒット賞 下半期新人賞 第1位'}",化粧水ランキング 20位
10232175,Dr.ルルルン,ルルルン,スキンケア・基礎化粧品 > パック・フェイスマスク > シートマスク・パック,"{'BestCosme_Award_1': '@cosmeベストコスメアワード2023 ベストシートマスク 第2位', 'BestCosme_Award_2': '@cosmeベストコスメアワード2023 上半期新作ベストシートマスク 第1位'}",シートマスク・パックランキング 7位
10025672,マンダム,ビフェスタ,スキンケア・基礎化粧品 > クレンジング > ポイントメイクリムーバー,"{'BestCosme_Award_1': '@cosmeベストコスメアワード2023 ベストクレンジング 第3位', 'BestCosme_Award_2': '@cosmeベストコスメアワード2017 ベストクレンジング 第2位', 'BestCosme_Award_3': '@cosmeベストコスメアワード2016 ベストクレンジング 第2位', 'BestCosme_Award_4': '@cosmeベストコスメアワード2015 ベストクレンジング 第2位', 'BestCosme_Award_5': '@cosmeベストコスメアワード2014 ベストクレンジング 第2位', 'BestCosme_Award_6': '2013年@cosmeベストコスメ大賞 クレンジング・洗顔部門 第1位', 'BestCosme_Award_7': '2012年@cosmeベストコスメ大賞 クレンジング・洗顔部門 第1位'}",ポイントメイクリムーバーランキング 2位
10249498,コーセー,雪肌精,スキンケア・基礎化粧品 > 化粧水 > 化粧水,{'BestCosme_Award_1': '@cosmeベストコスメアワード2024 上半期新作ベスト化粧水 第3位'},化粧水ランキング 16位
10045382,エテュセ,エテュセ,メイクアップ > マスカラ > マスカラ下地・トップコート,"{'BestCosme_Award_1': '@cosmeベストコスメアワード2018 殿堂入り', 'BestCosme_Award_2': '@cosmeベストコスメアワード2017 ベストマスカラ下地・トップコート 第1位', 'BestCosme_Award_3': '@cosmeベストコスメアワード2016 ベストマスカラ下地・トップコート 第2位', 'BestCosme_Award_4': '@cosmeベストコスメアワード2015 ベストマスカラ下地・トップコート 第2位', 'BestCosme_Award_5': '@cosmeベストコスメアワード2014 ベストマスカラ下地 第1位', 'BestCosme_Award_6': '2013年@cosmeベストコスメ大賞 まつげ美容液・下地部門 第3位'}",マスカラ下地・トップコートランキング 1位
10263261,資生堂,マキアージュ,スキンケア・基礎化粧品 > 目元・口元スペシャルケア > リップケア・リップクリーム,,
10115408,カネボウ化粧品,KANEBO,スキンケア・基礎化粧品 > 洗顔料 > 洗顔フォーム,,洗顔フォームランキング 8位
10263438,msh,msh(エム・エス・エイチ),ベースメイク > 化粧下地・コンシーラー > 化粧下地 > 日焼け対策・UVケア > 日焼け止め・UVケア(顔用) > スキンケア・基礎化粧品 > その他スキンケア > その他スキンケア,,BBクリームランキング 8位
10103300,石澤研究所,毛穴撫子,スキンケア・基礎化粧品 > パック・フェイスマスク > シートマスク・パック,"{'BestCosme_Award_1': '@cosmeベストコスメアワード2022 ベストシートマスク 第3位', 'BestCosme_Award_2': '@cosmeベストコスメアワード2021 ベストシートマスク 第3位', 'BestCosme_Award_3': '@cosmeベストコスメアワード2020 ベストシートマスク・パック 第2位', 'BestCosme_Award_4': '@cosmeベストコスメアワード2020 @cosme STORE ベストヒット賞 スキンケア 第2位', 'BestCosme_Award_5': '@cosmeベストコスメアワード2019 ベストパック 第1位', 'BestCosme_Award_6': '@cosmeベストコスメアワード2019 @cosme STORE ベストヒット賞 スキンケア 第3位', 'BestCosme_Award_7': '@cosmeベストコスメアワード2018 ベストシートマスク 第1位', 'BestCosme_Award_8': '@cosmeベストコスメアワード2017 ベストシートマスク 第2位', 'BestCosme_Award_9': '2016上半期新作ベストコスメ ベストシートマスク 第1位'}",
10236358,クラブコスメチックス,クラブ,ベースメイク > フェイスパウダー > プレストパウダー > スキンケア・基礎化粧品 > その他スキンケア > その他スキンケア,,その他スキンケアランキング 20位
10037581,常盤薬品工業,エクセル,メイクアップ > アイブロウ > アイブロウペンシル > メイクアップ > アイブロウ > パウダーアイブロウ,"{'BestCosme_Award_1': '@cosmeベストコスメアワード2021 @cosme STORE ベストヒット賞 総合 第3位', 'BestCosme_Award_2': '@cosmeベストコスメアワード2020 @cosme STORE ベストヒット賞 メイクアップ 第2位', 'BestCosme_Award_3': '@cosmeベストコスメアワード2019 @cosme STORE ベストヒット賞 メイクアップ 第2位', 'BestCosme_Award_4': '@cosmeベストコスメアワード2018 @cosme STORE ベストヒット賞 第3位', 'BestCosme_Award_5': '@cosmeベストコスメアワード2016 殿堂入り', 'BestCosme_Award_6': '@cosmeベストコスメアワード2015 ベストアイブロウ 第1位', 'BestCosme_Award_7': '@cosmeベストコスメアワード2014 ベストアイブロウ 第1位'}",アイブロウペンシルランキング 2位
10220306,ロート製薬,メラノCC,スキンケア・基礎化粧品 > 洗顔料 > 洗顔フォーム,"{'BestCosme_Award_1': '@cosmeベストコスメアワード2024 ベスト洗顔料 第3位', 'BestCosme_Award_2': '@cosmeベストコスメアワード2024 価格別賞 ロープライス部門 洗顔料 第1位', 'BestCosme_Award_3': '@cosmeベストコスメアワード2023 ベスト洗顔料 第2位', 'BestCosme_Award_4': '@cosmeベストコスメアワード2023 価格別賞 ロープライス部門 洗顔料 第1位', 'BestCosme_Award_5': '@cosmeベストコスメアワード2022 上半期新作ベスト洗顔料 第1位', 'BestCosme_Award_6': '@cosmeベストコスメアワード2022 上半期新作コスメ 価格別賞 ロープライス部門 洗顔料 第1位'}",洗顔フォームランキング 7位
10234122,資生堂インターナショナル,クレ・ド・ポー ボーテ,ベースメイク > ファンデーション > リキッドファンデーション > ベースメイク > ファンデーション > その他ファンデーション,"{'BestCosme_Award_1': '@cosmeベストコスメアワード2024 ベストクッションファンデ 第1位', 'BestCosme_Award_2': '@cosmeベストコスメアワード2023 ベストクッションファンデ 第3位', 'BestCosme_Award_3': '@cosmeベストコスメアワード2023 上半期新作ベストクッションファンデ 第2位'}",その他ファンデーションランキング 1位
10241904,ロート製薬,オバジ,スキンケア・基礎化粧品 > 洗顔料 > 洗顔フォーム,,洗顔フォームランキング 10位
10256961,M・A・C,M・A・C,メイクアップ > 口紅・グロス・リップライナー > 口紅 > スキンケア・基礎化粧品 > 目元・口元スペシャルケア > リップケア・リップクリーム > メイクアップ > チーク > ジェル・クリームチーク,,ジェル・クリームチークランキング 6位
10209516,花王,キュレル,スキンケア・基礎化粧品 > パック・フェイスマスク > シートマスク・パック,,
10221370,ファンケル,ファンケル,スキンケア・基礎化粧品 > 洗顔料 > その他洗顔料 > スキンケア・基礎化粧品 > パック・フェイスマスク > マッサージ料 > スキンケア・基礎化粧品 > パック・フェイスマスク > 洗い流すパック・マスク,{'BestCosme_Award_1': '@cosmeベストコスメアワード2022 下半期洗顔料新人賞'},洗い流すパック・マスクランキング 2位
10245780,BENOW,ナンバーズイン(numbuzin),スキンケア・基礎化粧品 > パック・フェイスマスク > シートマスク・パック,"{'BestCosme_Award_1': '@cosmeベストコスメアワード2024 ベストシートマスク 第1位', 'BestCosme_Award_2': '@cosmeベストコスメアワード2024 価格別賞 ミドルプライス部門 シートマスク 第1位', 'BestCosme_Award_3': '@cosmeベストコスメアワード2024 上半期新作ベストシートマスク 第3位'}",シートマスク・パックランキング 1位
10259468,ランコム,ランコム,スキンケア・基礎化粧品 > 乳液・美容液など > 美容液 > スキンケア・基礎化粧品 > 化粧水 > ブースター・導入液,,美容液ランキング 2位
10252946,シロク,FAS,スキンケア・基礎化粧品 > クレンジング > クレンジングジェル,,クレンジングジェルランキング 1位
10197871,MTG,ReFa,ボディケア・オーラルケア > その他ボディケア > その他ボディケア > スキンケア・基礎化粧品 > その他スキンケア > その他スキンケア > 美容グッズ・美容家電 > ボディグッズ > ボディ・バスグッズ,,ボディ・バスグッズランキング 8位
10261927,スタイリングライフ・ホールディングス BCL カンパニー,乾燥さん,ベースメイク > 化粧下地・コンシーラー > 化粧下地 > 日焼け対策・UVケア > 日焼け止め・UVケア(顔用) > スキンケア・基礎化粧品 > 乳液・美容液など > オールインワン化粧品,,オールインワン化粧品ランキング 7位
10261021,アルビオン,エレガンス,ベースメイク > フェイスパウダー > プレストパウダー,,プレストパウダーランキング 12位
10219470,花王,ビオレ,スキンケア・基礎化粧品 > その他スキンケア > その他スキンケア > 美容グッズ・美容家電 > スキンケアグッズ > その他スキンケアグッズ,,
10218756,セキド,MEDIHEAL(メディヒール),スキンケア・基礎化粧品 > その他スキンケア > その他スキンケア > 美容グッズ・美容家電 > スキンケアグッズ > その他スキンケアグッズ,{'BestCosme_Award_1': '@cosmeベストコスメアワード2022 上半期新作ベスト美容グッズ 第3位'},その他スキンケアグッズランキング 18位
10217500,資生堂,イハダ,スキンケア・基礎化粧品 > 化粧水 > 化粧水,{'BestCosme_Award_1': '@cosmeベストコスメアワード2022 上半期新作コスメ 価格別賞 ロープライス部門 化粧水 第1位'},
10238962,SABON Japan(サボンジャパン),SABON(サボン),スキンケア・基礎化粧品 > 洗顔料 > 洗顔フォーム > スキンケア・基礎化粧品 > パック・フェイスマスク > ゴマージュ・ピーリング,{'BestCosme_Award_1': '@cosmeベストコスメアワード2023 下半期洗顔料新人賞'},ゴマージュ・ピーリングランキング 13位
10242256,資生堂,イハダ,スキンケア・基礎化粧品 > 乳液・美容液など > フェイスオイル・バーム,"{'BestCosme_Award_1': '@cosmeベストコスメアワード2024 ベストスリーピングマスク・パック 第1位', 'BestCosme_Award_2': '@cosmeベストコスメアワード2023 ベストスリーピングマスク・パック 第1位'}",スリーピングマスク・パックランキング 1位
10194550,コスメデコルテ,コスメデコルテ,スキンケア・基礎化粧品 > 化粧水 > ミスト状化粧水,"{'BestCosme_Award_1': '@cosmeベストコスメアワード2024 ベストフィックスミスト 第3位', 'BestCosme_Award_2': '@cosmeベストコスメアワード2023 ベストフィックスミスト 第1位', 'BestCosme_Award_3': '@cosmeベストコスメアワード2022 ベストフィックスミスト 第2位', 'BestCosme_Award_4': '@cosmeベストコスメアワード2021 ベストフィックスミスト 第2位', 'BestCosme_Award_5': '@cosmeベストコスメアワード2020 下半期フィックスミスト新人賞'}",フィックスミストランキング 5位
289004,資生堂,ベビー,スキンケア・基礎化粧品 > その他スキンケア > その他スキンケア > ボディケア・オーラルケア > その他ボディケア > デオドラント・制汗剤,"{'BestCosme_Award_1': '@cosmeベストコスメアワード2018 ベストスキンケアパウダー 第2位', 'BestCosme_Award_2': '@cosmeベストコスメアワード2017 ベストスキンケアパウダー 第3位'}",デオドラント・制汗剤ランキング 15位
10245505,Dr.ルルルン,ルルルン,スキンケア・基礎化粧品 > パック・フェイスマスク > シートマスク・パック,"{'BestCosme_Award_1': '@cosmeベストコスメアワード2024 価格別賞 ロープライス部門 シートマスク 第1位', 'BestCosme_Award_2': '@cosmeベストコスメアワード2024 上半期新作ベストシートマスク 第2位', 'BestCosme_Award_3': '@cosmeベストコスメアワード2024 上半期新作コスメ 価格別賞 ロープライス部門 シートマスク 第1位'}",シートマスク・パックランキング 12位
10258139,エスティ ローダー,エスティ ローダー,スキンケア・基礎化粧品 > 乳液・美容液など > フェイスクリーム,,フェイスクリームランキング 9位
10257514,ポール ＆ ジョー ボーテ,ポール ＆ ジョー ボーテ,ベースメイク > 化粧下地・コンシーラー > 化粧下地,{'BestCosme_Award_1': '@cosmeベストコスメアワード2024 下半期化粧下地新人賞'},化粧下地ランキング 4位
10245177,アテニア,アテニア,スキンケア・基礎化粧品 > クレンジング > オイルクレンジング,,オイルクレンジングランキング 7位
10217043,カネボウ化粧品,アリィー(ALLIE),ベースメイク > 化粧下地・コンシーラー > 化粧下地 > 日焼け対策・UVケア > 日焼け止め・UVケア(顔用) > 日焼け対策・UVケア > 日焼け止め・UVケア(ボディ用),"{'BestCosme_Award_1': '@cosmeベストコスメアワード2022 ベスト日焼け止め 第3位', 'BestCosme_Award_2': '@cosmeベストコスメアワード2022 上半期新作ベスト日焼け止め 第3位', 'BestCosme_Award_3': '@cosmeベストコスメアワード2022 上半期新作コスメ 価格別賞 ロープライス部門 日焼け止め 第1位'}",日焼け止め・UVケア(ボディ用)ランキング 6位
10224590,資生堂インターナショナル,クレ・ド・ポー ボーテ,ベースメイク > フェイスパウダー > プレストパウダー,"{'BestCosme_Award_1': '@cosmeベストコスメアワード2024 ベストハイライト 第1位', 'BestCosme_Award_2': '@cosmeベストコスメアワード2023 ベストハイライト 第1位', 'BestCosme_Award_3': '@cosmeベストコスメアワード2022 ベストハイライト 第3位', 'BestCosme_Award_4': '@cosmeベストコスメアワード2022 下半期ハイライト新人賞'}",ハイライトランキング 3位
10205607,ロート製薬,メラノCC,スキンケア・基礎化粧品 > 乳液・美容液など > 美容液,"{'BestCosme_Award_1': '@cosmeベストコスメアワード2024 価格別賞 ロープライス部門 美容液 第1位', 'BestCosme_Award_2': '@cosmeベストコスメアワード2023 価格別賞 ロープライス部門 美容液 第1位', 'BestCosme_Award_3': '@cosmeベストコスメアワード2022 価格別賞 ロープライス部門 美容液・ブースター 第1位'}",
10258879,セザンヌ化粧品,セザンヌ,メイクアップ > アイライナー > リキッドアイライナー,,リキッドアイライナーランキング 4位
10263997,TIRTIR,TIRTIR,スキンケア・基礎化粧品 > 目元・口元スペシャルケア > リップケア・リップクリーム > メイクアップ > チーク > ジェル・クリームチーク,,ジェル・クリームチークランキング 13位
10189923,花王,キュレル,スキンケア・基礎化粧品 > 化粧水 > ミスト状化粧水 > ボディケア・オーラルケア > デイリーボディケア > ボディローション・ミルク,"{'BestCosme_Award_1': '@cosmeベストコスメアワード2024 ベスト化粧水 第3位', 'BestCosme_Award_2': '@cosmeベストコスメアワード2024 価格別賞 ロープライス部門 化粧水 第1位', 'BestCosme_Award_3': '@cosmeベストコスメアワード2023 ベスト化粧水 第2位', 'BestCosme_Award_4': '@cosmeベストコスメアワード2023 価格別賞 ロープライス部門 化粧水 第1位', 'BestCosme_Award_5': '@cosmeベストコスメアワード2022 ベスト化粧水 第2位', 'BestCosme_Award_6': '@cosmeベストコスメアワード2022 価格別賞 ロープライス部門 化粧水 第1位', 'BestCosme_Award_7': '@cosmeベストコスメアワード2021 ベスト化粧水 第3位', 'BestCosme_Award_8': '@cosmeベストコスメアワード2020 上半期新作ベスト化粧水 第2位'}",ミスト状化粧水ランキング 1位
10262419,株式会社セリア,Seria,スキンケア・基礎化粧品 > その他スキンケア > その他スキンケア,,
10094530,井田ラボラトリーズ,キャンメイク,ベースメイク > 化粧下地・コンシーラー > 化粧下地 > 日焼け対策・UVケア > 日焼け止め・UVケア(顔用) > 日焼け対策・UVケア > 日焼け止め・UVケア(ボディ用),,日焼け止め・UVケア(ボディ用)ランキング 3位
10227811,牛乳石鹸共進社,カウブランド無添加,スキンケア・基礎化粧品 > 洗顔料 > 洗顔フォーム,,洗顔フォームランキング 17位
10250241,資生堂,イハダ,ベースメイク > 化粧下地・コンシーラー > 化粧下地 > 日焼け対策・UVケア > 日焼け止め・UVケア(顔用),"{'BestCosme_Award_1': '@cosmeベストコスメアワード2024 上半期新作ベスト日焼け止め 第2位', 'BestCosme_Award_2': '@cosmeベストコスメアワード2024 上半期新作コスメ 価格別賞 ロープライス部門 日焼け止め 第1位'}",
10054624,ナーズ ジャパン,NARS,ベースメイク > フェイスパウダー > プレストパウダー,"{'BestCosme_Award_1': '@cosmeベストコスメアワード2023 殿堂入り', 'BestCosme_Award_2': '@cosmeベストコスメアワード2023 @cosme SHOPPING ベストヒット賞 総合 第3位', 'BestCosme_Award_3': '@cosmeベストコスメアワード2022 総合 第3位', 'BestCosme_Award_4': '@cosmeベストコスメアワード2022 ベストパウダー 第1位', 'BestCosme_Award_5': '@cosmeベストコスメアワード2022 価格別賞 ハイプライス部門 パウダー 第1位', 'BestCosme_Award_6': '@cosmeベストコスメアワード2021 ベストパウダー 第1位'}",プレストパウダーランキング 1位
10163697,花王,ビオレ,ベースメイク > 化粧下地・コンシーラー > 化粧下地 > 日焼け対策・UVケア > 日焼け止め・UVケア(顔用) > 日焼け対策・UVケア > 日焼け止め・UVケア(ボディ用),"{'BestCosme_Award_1': '@cosmeベストコスメアワード2020 ベスト日焼け止め 第3位', 'BestCosme_Award_2': '@cosmeベストコスメアワード2019 ベスト日焼け止め 第2位'}",日焼け止め・UVケア(ボディ用)ランキング 8位
10248406,常盤薬品工業,エクセル,スキンケア・基礎化粧品 > 乳液・美容液など > フェイスクリーム > ベースメイク > 化粧下地・コンシーラー > 化粧下地 > 日焼け対策・UVケア > 日焼け止め・UVケア(顔用),{'BestCosme_Award_1': '@cosmeベストコスメアワード2024 上半期新作ベストフェイスクリーム 第2位'},日焼け止め・UVケア(顔用)ランキング 5位
10173721,コスメデコルテ,コスメデコルテ,スキンケア・基礎化粧品 > クレンジング > クレンジングクリーム,,クレンジングクリームランキング 8位
10237673,パルファム ジバンシイ〔LVMHフレグランスブランズ〕,ジバンシイ,日焼け対策・UVケア > 日焼け止め・UVケア(顔用) > メイクアップ > チーク > ジェル・クリームチーク,,
10259360,カネボウ化粧品,トワニー,スキンケア・基礎化粧品 > 乳液・美容液など > 美容液 > スキンケア・基礎化粧品 > 化粧水 > ブースター・導入液,,ブースター・導入液ランキング 9位
10210071,ゲラン,ゲラン,スキンケア・基礎化粧品 > 乳液・美容液など > 美容液 > スキンケア・基礎化粧品 > 乳液・美容液など > フェイスオイル・バーム > スキンケア・基礎化粧品 > パック・フェイスマスク > マッサージ料,{'BestCosme_Award_1': '@cosmeベストコスメアワード2024 ベストオイル・バーム 第3位'},マッサージ料ランキング 3位
10091010,P＆Gプレステージ,SK-II,ベースメイク > 化粧下地・コンシーラー > 化粧下地 > 日焼け対策・UVケア > 日焼け止め・UVケア(顔用),"{'BestCosme_Award_1': '@cosmeベストコスメアワード2017 殿堂入り', 'BestCosme_Award_2': '@cosmeベストコスメアワード2016 ベストCCクリーム 第1位', 'BestCosme_Award_3': '@cosmeベストコスメアワード2015 ベストCCクリーム 第1位'}",CCクリームランキング 2位
10235227,ファイントゥデイ,SENKA(センカ),スキンケア・基礎化粧品 > 洗顔料 > 洗顔フォーム,"{'BestCosme_Award_1': '@cosmeベストコスメアワード2023 上半期新作ベスト洗顔料 第2位', 'BestCosme_Award_2': '@cosmeベストコスメアワード2023 上半期新作コスメ 価格別賞 ロープライス部門 洗顔料 第1位'}",
10013577,アルビオン,エレガンス,ベースメイク > フェイスパウダー > プレストパウダー,"{'BestCosme_Award_1': '@cosmeベストコスメアワード2021 ベストパウダー 第2位', 'BestCosme_Award_2': '@cosmeベストコスメアワード2020 ベストパウダー 第3位', 'BestCosme_Award_3': '@cosmeベストコスメアワード2019 ベストパウダー 第2位', 'BestCosme_Award_4': '@cosmeベストコスメアワード2018 ベストパウダー 第1位', 'BestCosme_Award_5': '@cosmeベストコスメアワード2017 ベストパウダー 第3位', 'BestCosme_Award_6': '2011年@cosmeベストコスメ大賞 パウダー部門 第2位', 'BestCosme_Award_7': '2011年上半期 ベストコスメ パウダー部門第2位'}",プレストパウダーランキング 8位
10227343,セザンヌ化粧品,セザンヌ,スキンケア・基礎化粧品 > クレンジング > ポイントメイクリムーバー,{'BestCosme_Award_1': '@cosmeベストコスメアワード2022 下半期クレンジング新人賞'},ポイントメイクリムーバーランキング 3位
10260795,コスメデコルテ,コスメデコルテ,スキンケア・基礎化粧品 > 目元・口元スペシャルケア > リップケア・リップクリーム,,リップケア・リップクリームランキング 2位
10240190,カネボウ化粧品,KANEBO,メイクアップ > チーク > ジェル・クリームチーク,{'BestCosme_Award_1': '@cosmeベストコスメアワード2024 ベストシェーディング 第1位'},ジェル・クリームチークランキング 1位
10253083,MANDYSKOREA,ilso,スキンケア・基礎化粧品 > パック・フェイスマスク > ゴマージュ・ピーリング > スキンケア・基礎化粧品 > その他スキンケア > その他スキンケア,,
10164795,セザンヌ化粧品,セザンヌ,スキンケア・基礎化粧品 > 目元・口元スペシャルケア > アイケア・アイクリーム > スキンケア・基礎化粧品 > 目元・口元スペシャルケア > まつげ美容液 > スキンケア・基礎化粧品 > その他スキンケア > その他スキンケア,"{'BestCosme_Award_1': '@cosmeベストコスメアワード2020 ベストまつげ美容液 第2位', 'BestCosme_Award_2': '@cosmeベストコスメアワード2019 上半期新作 ベストまつげケア 第1位'}",その他スキンケアランキング 3位
10219394,ナーズ ジャパン,NARS,ベースメイク > ファンデーション > リキッドファンデーション,,リキッドファンデーションランキング 8位
10233450,パルファン・クリスチャン・ディオール,ディオール,ベースメイク > 化粧下地・コンシーラー > コンシーラー,"{'BestCosme_Award_1': '@cosmeベストコスメアワード2024 ベストコンシーラー 第1位', 'BestCosme_Award_2': '@cosmeベストコスメアワード2024 価格別賞 ハイプライス部門 コンシーラー 第1位', 'BestCosme_Award_3': '@cosmeベストコスメアワード2023 ベストコンシーラー 第1位', 'BestCosme_Award_4': '@cosmeベストコスメアワード2023 価格別賞 ハイプライス部門 コンシーラー 第1位', 'BestCosme_Award_5': '@cosmeベストコスメアワード2023 上半期新作ベストコンシーラー 第1位', 'BestCosme_Award_6': '@cosmeベストコスメアワード2023 上半期新作コスメ 価格別賞 ハイプライス部門 コンシーラー 第1位'}",コンシーラーランキング 1位
10260856,オルビス,オルビス,スキンケア・基礎化粧品 > 洗顔料 > 洗顔フォーム,,洗顔フォームランキング 20位
10201778,資生堂インターナショナル,d プログラム,スキンケア・基礎化粧品 > 化粧水 > ミスト状化粧水 > スキンケア・基礎化粧品 > その他スキンケア > その他スキンケア,"{'BestCosme_Award_1': '@cosmeベストコスメアワード2024 ベストフィックスミスト 第2位', 'BestCosme_Award_2': '@cosmeベストコスメアワード2023 ベストフィックスミスト 第2位', 'BestCosme_Award_3': '@cosmeベストコスメアワード2022 ベストフィックスミスト 第3位', 'BestCosme_Award_4': '@cosmeベストコスメアワード2021 ベストフィックスミスト 第3位', 'BestCosme_Award_5': '@cosmeベストコスメアワード2021 上半期新作ベストフィックスミスト 第1位'}",その他スキンケアランキング 2位
10113864,ドクター津田コスメラボ,TSUDA COSMETICS,ベースメイク > 化粧下地・コンシーラー > 化粧下地 > スキンケア・基礎化粧品 > 乳液・美容液など > フェイスオイル・バーム > スキンケア・基礎化粧品 > その他スキンケア > その他スキンケア,,
10242438,花王,キュレル,スキンケア・基礎化粧品 > クレンジング > ミルククレンジング,,ミルククレンジングランキング 1位
10240366,コスメデコルテ,コスメデコルテ,メイクアップ > アイシャドウ > ジェル・クリームアイシャドウ,"{'BestCosme_Award_1': '@cosmeベストコスメアワード2024 ベスト単色アイシャドウ 第1位', 'BestCosme_Award_2': '@cosmeベストコスメアワード2024 価格別賞 ミドルプライス部門 アイシャドウ 第1位', 'BestCosme_Award_3': '@cosmeベストコスメアワード2023 ベスト単色アイシャドウ 第1位', 'BestCosme_Award_4': '@cosmeベストコスメアワード2023 下半期アイシャドウ新人賞', 'BestCosme_Award_5': '@cosmeベストコスメアワード2023 価格別賞 ミドルプライス部門 アイシャドウ 第1位', 'BestCosme_Award_6': '@cosmeベストコスメアワード2023 @cosme SHOPPING ベストヒット賞 下半期新人賞 第3位', 'BestCosme_Award_7': '@cosmeベストコスメアワード2023 @cosme STORE ベストヒット賞 下半期新人賞 第1位'}",ジェル・クリームアイシャドウランキング 1位
10227812,牛乳石鹸共進社,カウブランド無添加,スキンケア・基礎化粧品 > 洗顔料 > 洗顔フォーム,,洗顔フォームランキング 16位
10211607,ボビイ ブラウン,ボビイ ブラウン,ベースメイク > 化粧下地・コンシーラー > 化粧下地,,化粧下地ランキング 17位
10251711,BENOW,fwee(フィー),メイクアップ > 口紅・グロス・リップライナー > 口紅 > メイクアップ > チーク > ジェル・クリームチーク,,ジェル・クリームチークランキング 2位
10258323,カネボウ化粧品,KANEBO,メイクアップ > 口紅・グロス・リップライナー > 口紅 > スキンケア・基礎化粧品 > 目元・口元スペシャルケア > リップケア・リップクリーム,,
10136147,ロート製薬,ケアセラ,スキンケア・基礎化粧品 > 乳液・美容液など > 乳液 > ボディケア・オーラルケア > デイリーボディケア > ボディローション・ミルク,"{'BestCosme_Award_1': '@cosmeベストコスメアワード2024 ベストボディケア 第1位', 'BestCosme_Award_2': '@cosmeベストコスメアワード2023 ベストボディケア 第2位'}",ボディローション・ミルクランキング 2位
10259565,クラランス,クラランス,スキンケア・基礎化粧品 > 乳液・美容液など > 美容液,,美容液ランキング 10位
10218611,資生堂,エリクシール,スキンケア・基礎化粧品 > 乳液・美容液など > 乳液 > ベースメイク > 化粧下地・コンシーラー > 化粧下地 > 日焼け対策・UVケア > 日焼け止め・UVケア(顔用),,日焼け止め・UVケア(顔用)ランキング 19位
10233132,資生堂,エリクシール,スキンケア・基礎化粧品 > 化粧水 > 化粧水,,化粧水ランキング 13位
10253741,江原道,Koh Gen Do,ベースメイク > フェイスパウダー > プレストパウダー > スキンケア・基礎化粧品 > その他スキンケア > その他スキンケア,,
10211545,資生堂インターナショナル,d プログラム,スキンケア・基礎化粧品 > 乳液・美容液など > フェイスクリーム,{'BestCosme_Award_1': '@cosmeベストコスメアワード2021 下半期クリーム新人賞'},フェイスクリームランキング 7位
10208593,クラランス,クラランス,スキンケア・基礎化粧品 > 目元・口元スペシャルケア > アイケア・アイクリーム,"{'BestCosme_Award_1': '@cosmeベストコスメアワード2022 ベストアイケア 第2位', 'BestCosme_Award_2': '@cosmeベストコスメアワード2022 価格別賞 ハイプライス部門 アイケア・まつげ美容液 第1位', 'BestCosme_Award_3': '@cosmeベストコスメアワード2021 ベストアイケア 第3位', 'BestCosme_Award_4': '@cosmeベストコスメアワード2021 下半期アイケア新人賞'}",アイケア・アイクリームランキング 7位
10073124,クリニーク ラボラトリーズ,クリニーク,メイクアップ > チーク > パウダーチーク,"{'BestCosme_Award_1': '@cosmeベストコスメアワード2023 ベストチーク 第3位', 'BestCosme_Award_2': '@cosmeベストコスメアワード2021 ベストチーク 第3位', 'BestCosme_Award_3': '@cosmeベストコスメアワード2020 ベストチーク 第3位', 'BestCosme_Award_4': '@cosmeベストコスメアワード2019 ベストチーク 第3位', 'BestCosme_Award_5': '@cosmeベストコスメアワード2018 ベストチーク 第3位', 'BestCosme_Award_6': '@cosmeベストコスメアワード2017 ベストチーク・フェイスカラー 第1位'}",パウダーチークランキング 6位
10250516,資生堂,アクアレーベル,スキンケア・基礎化粧品 > 化粧水 > 化粧水,{'BestCosme_Award_1': '@cosmeベストコスメアワード2024 上半期新作コスメ 価格別賞 ロープライス部門 化粧水 第1位'},
10114006,ラ ロッシュ ポゼ,ラ ロッシュ ポゼ,スキンケア・基礎化粧品 > クレンジング > ポイントメイクリムーバー,,ポイントメイクリムーバーランキング 5位
10243449,アモーレパシフィックジャパン,イニスフリー,ベースメイク > フェイスパウダー > ルースパウダー > スキンケア・基礎化粧品 > その他スキンケア > その他スキンケア,,
10143798,レブロン,レブロン,スキンケア・基礎化粧品 > 目元・口元スペシャルケア > リップケア・リップクリーム,"{'BestCosme_Award_1': '@cosmeベストコスメアワード2024 ベストリップケア 第2位', 'BestCosme_Award_2': '@cosmeベストコスメアワード2023 ベストリップケア 第2位', 'BestCosme_Award_3': '@cosmeベストコスメアワード2022 ベストリップケア 第2位', 'BestCosme_Award_4': '@cosmeベストコスメアワード2021 ベストリップケア 第1位', 'BestCosme_Award_5': '@cosmeベストコスメアワード2020 ベストリップケア 第1位', 'BestCosme_Award_6': '@cosmeベストコスメアワード2019 ベストリップケア 第2位'}",リップケア・リップクリームランキング 3位
10216003,BENOW,ナンバーズイン(numbuzin),ベースメイク > 化粧下地・コンシーラー > 化粧下地 > 日焼け対策・UVケア > 日焼け止め・UVケア(顔用),,
10211888,コーセーコスメポート,クリアターン,スキンケア・基礎化粧品 > パック・フェイスマスク > シートマスク・パック,,シートマスク・パックランキング 14位
